student_id,created_at,updated_at,toefl,interested_term,interested_year,resume_data,sop_data,additional_attachment_data,gre_quant,gre_writing,gre_verbal,country_id,photo_id_data,degree_objective_phd,degree_objective_master,gender,year_work_exp
1,05:18.1,54:43.0,110,Fall,2019,,,,164,4,146,,,0,0,Male,4 - 5 years
2,05:18.1,54:43.0,110,Fall,2019,,,,164,4,146,,,0,0,Male,4 - 5 years
3,05:18.1,12:08.7,100,Spring,2020,,,,160,3,150,,,2,4,Male,4 - 5 years
4,05:18.1,12:08.7,90,Fall,2019,,,,158,4,148,,,3,3,Male,4 - 5 years
5,05:18.1,12:08.7,110,Spring,2020,,,,164,4,146,,,4,2,Male,4 - 5 years
6,05:18.1,12:08.7,115,Fall,2019,,,,160,3,150,,,5,1,Male,4 - 5 years
7,05:18.1,12:08.7,100,Spring,2020,,,,158,4,148,,,1,5,Male,4 - 5 years
8,05:18.1,12:08.7,110,Fall,2019,,,,164,4,146,,,2,4,Male,4 - 5 years
9,05:18.1,12:08.7,115,Spring,2020,,,,160,3,150,,,3,3,Male,4 - 5 years
10,05:18.1,12:08.7,112,Fall,2019,,,,158,4,148,,,4,2,Male,4 - 5 years
11,05:18.1,12:08.7,100,Spring,2020,,,,164,4,146,,,3,1,Male,4 - 5 years
12,05:18.1,12:08.7,120,Fall,2019,,,,160,3,150,,,4,5,Male,4 - 5 years
13,05:18.1,12:08.7,110,Spring,2020,,,,158,4,148,,,5,4,Male,4 - 5 years
14,05:18.1,54:43.0,114,Fall,2020,,,,130,5,158,,,5,4,Male,4 - 5 years
15,05:18.1,54:43.0,115,Fall,2020,,,,169,5,158,,,5,4,Male,4 - 5 years
16,05:18.1,12:08.7,116,Spring,2020,,,,169,5,158,,,5,4,Male,4 - 5 years
17,05:18.1,12:08.7,117,Fall,2020,,,,169,5,159,,,5,4,Male,4 - 5 years
18,05:18.1,12:08.7,118,Spring,2020,,,,169,5,159,,,5,4,Male,4 - 5 years
19,05:18.1,12:08.7,119,Fall,2020,,,,169,5,159,,,1,5,Male,4 - 5 years
20,05:18.1,12:08.7,119,Spring,2020,,,,169,5,159,,,1,5,Male,4 - 5 years
21,05:18.1,12:08.7,60,Fall,2020,,,,168,5,159,,,1,5,Male,4 - 5 years
22,05:18.1,12:08.7,61,Spring,2020,,,,168,5,159,,,1,5,Male,4 - 5 years
23,05:18.1,12:08.7,62,Fall,2020,,,,168,5,159,,,1,5,Male,4 - 5 years
24,05:18.1,12:08.7,63,Spring,2020,,,,168,5,159,,,1,5,Male,4 - 5 years
25,05:18.1,12:08.7,64,Fall,2020,,,,168,5,159,,,1,1,Male,4 - 5 years
26,05:18.1,12:08.7,65,Spring,2020,,,,168,5,159,,,1,1,Male,4 - 5 years
27,05:18.1,54:43.0,66,Fall,2020,,,,167,5,159,,,2,1,Male,4 - 5 years
28,05:18.1,54:43.0,67,Fall,2020,,,,167,5,159,,,2,1,Male,4 - 5 years
29,05:18.1,12:08.7,68,Spring,2020,,,,167,5,159,,,2,1,Male,4 - 5 years
30,05:18.1,12:08.7,69,Fall,2020,,,,167,5,159,,,2,1,Male,4 - 5 years
31,05:18.1,12:08.7,70,Spring,2020,,,,167,5,159,,,3,1,Male,4 - 5 years
32,05:18.1,12:08.7,71,Fall,2020,,,,167,5,159,,,3,1,Male,4 - 5 years
33,05:18.1,12:08.7,72,Spring,2020,,,,166,5,159,,,3,1,Male,4 - 5 years
34,05:18.1,12:08.7,73,Fall,2020,,,,166,5,159,,,3,1,Male,4 - 5 years
35,05:18.1,12:08.7,74,Spring,2020,,,,166,5,160,,,4,1,Male,4 - 5 years
36,05:18.1,12:08.7,75,Fall,2020,,,,166,5,160,,,4,1,Male,4 - 5 years
37,05:18.1,12:08.7,76,Spring,2020,,,,166,5,160,,,4,1,Male,4 - 5 years
38,05:18.1,12:08.7,76,Fall,2020,,,,166,5,160,,,4,2,Male,4 - 5 years
39,05:18.1,12:08.7,77,Spring,2020,,,,165,5,160,,,4,2,Male,4 - 5 years
40,05:18.1,54:43.0,78,Fall,2020,,,,165,5,160,,,5,2,Male,4 - 5 years
41,05:18.1,54:43.0,79,Fall,2020,,,,165,5,160,,,5,2,Male,4 - 5 years
42,05:18.1,12:08.7,80,Spring,2020,,,,165,5,160,,,5,2,Male,4 - 5 years
43,05:18.1,12:08.7,81,Fall,2020,,,,165,5,160,,,5,2,Male,4 - 5 years
44,05:18.1,12:08.7,82,Spring,2020,,,,165,5,160,,,1,2,Male,4 - 5 years
45,05:18.1,12:08.7,83,Fall,2020,,,,164,5,160,,,1,3,Male,4 - 5 years
46,05:18.1,12:08.7,84,Spring,2020,,,,164,5,160,,,1,3,Male,4 - 5 years
47,05:18.1,12:08.7,85,Fall,2020,,,,164,5,160,,,1,3,Male,4 - 5 years
48,05:18.1,12:08.7,86,Spring,2020,,,,164,5,160,,,1,3,Male,4 - 5 years
49,05:18.1,12:08.7,87,Fall,2020,,,,164,5,160,,,1,3,Male,4 - 5 years
50,05:18.1,12:08.7,88,Spring,2020,,,,164,5,160,,,1,3,Male,4 - 5 years
51,05:18.1,12:08.7,89,Fall,2020,,,,163,5,160,,,1,4,Male,4 - 5 years
52,05:18.1,12:08.7,90,Spring,2020,,,,163,5,160,,,2,4,Male,4 - 5 years
53,05:18.1,54:43.0,91,Fall,2020,,,,163,5,161,,,2,4,Male,4 - 5 years
54,05:18.1,54:43.0,92,Fall,2020,,,,163,5,161,,,2,4,Male,4 - 5 years
55,05:18.1,12:08.7,93,Spring,2020,,,,163,5,161,,,2,4,Male,4 - 5 years
56,05:18.1,12:08.7,93,Fall,2020,,,,163,5,161,,,3,4,Male,4 - 5 years
57,05:18.1,12:08.7,94,Spring,2020,,,,162,5,161,,,3,4,Male,4 - 5 years
58,05:18.1,12:08.7,95,Fall,2020,,,,162,5,161,,,3,5,Male,4 - 5 years
59,05:18.1,12:08.7,96,Spring,2020,,,,162,5,161,,,3,5,Male,4 - 5 years
60,05:18.1,12:08.7,97,Fall,2020,,,,162,5,161,,,3,5,Male,4 - 5 years
61,05:18.1,12:08.7,98,Spring,2020,,,,162,5,161,,,4,5,Male,4 - 5 years
62,05:18.1,12:08.7,99,Fall,2020,,,,162,5,161,,,4,5,Male,4 - 5 years
63,05:18.1,12:08.7,100,Spring,2020,,,,161,5,161,,,4,5,Male,4 - 5 years
64,05:18.1,12:08.7,101,Fall,2020,,,,161,5,161,,,4,1,Male,4 - 5 years
65,05:18.1,12:08.7,102,Spring,2020,,,,161,5,161,,,5,1,Male,4 - 5 years
66,05:18.1,54:43.0,103,Fall,2020,,,,161,5,161,,,5,1,Male,4 - 5 years
67,05:18.1,54:43.0,104,Fall,2020,,,,161,5,161,,,5,1,Male,4 - 5 years
68,05:18.1,12:08.7,105,Spring,2020,,,,161,5,161,,,5,1,Male,4 - 5 years
69,05:18.1,12:08.7,106,Fall,2020,,,,160,5,161,,,1,1,Male,4 - 5 years
70,05:18.1,12:08.7,107,Spring,2020,,,,160,5,161,,,1,1,Male,4 - 5 years
71,05:18.1,12:08.7,108,Fall,2020,,,,160,5,162,,,1,1,Male,4 - 5 years
72,05:18.1,12:08.7,109,Spring,2020,,,,160,5,162,,,1,1,Male,4 - 5 years
73,05:18.1,12:08.7,110,Fall,2020,,,,160,5,162,,,1,1,Male,4 - 5 years
74,05:18.1,12:08.7,110,Spring,2020,,,,160,5,162,,,1,1,Male,4 - 5 years
75,05:18.1,12:08.7,111,Fall,2020,,,,159,5,162,,,1,1,Male,4 - 5 years
76,05:18.1,12:08.7,112,Spring,2020,,,,159,5,162,,,1,1,Male,4 - 5 years
77,05:18.1,12:08.7,113,Fall,2020,,,,159,5,162,,,2,2,Male,4 - 5 years
78,05:18.1,12:08.7,114,Spring,2020,,,,159,5,162,,,2,2,Male,4 - 5 years
79,05:18.1,54:43.0,115,Fall,2020,,,,159,5,162,,,2,2,Male,4 - 5 years
80,05:18.1,54:43.0,116,Fall,2020,,,,158,5,162,,,2,2,Male,4 - 5 years
81,05:18.1,12:08.7,117,Spring,2020,,,,158,5,162,,,2,2,Male,4 - 5 years
82,05:18.1,12:08.7,118,Fall,2020,,,,158,5,162,,,3,2,Male,4 - 5 years
83,05:18.1,12:08.7,119,Spring,2020,,,,158,5,162,,,3,2,Male,4 - 5 years
84,05:18.1,12:08.7,60,Fall,2020,,,,158,5,162,,,3,3,Male,4 - 5 years
85,05:18.1,12:08.7,61,Spring,2020,,,,158,5,162,,,3,3,Male,4 - 5 years
86,05:18.1,12:08.7,62,Fall,2020,,,,157,5,162,,,4,3,Male,4 - 5 years
87,05:18.1,12:08.7,63,Spring,2020,,,,157,5,162,,,4,3,Male,4 - 5 years
88,05:18.1,12:08.7,64,Fall,2020,,,,157,5,163,,,4,3,Male,4 - 5 years
89,05:18.1,12:08.7,65,Spring,2020,,,,157,5,163,,,4,3,Male,4 - 5 years
90,05:18.1,12:08.7,66,Fall,2020,,,,157,5,163,,,5,4,Male,4 - 5 years
91,05:18.1,12:08.7,66,Spring,2020,,,,157,5,163,,,5,4,Male,4 - 5 years
92,05:18.1,54:43.0,67,Fall,2020,,,,156,5,163,,,5,4,Male,4 - 5 years
93,05:18.1,54:43.0,68,Fall,2020,,,,156,5,163,,,5,4,Male,4 - 5 years
94,05:18.1,12:08.7,69,Spring,2020,,,,156,5,163,,,1,4,Male,4 - 5 years
95,05:18.1,12:08.7,70,Fall,2020,,,,156,5,163,,,1,4,Male,4 - 5 years
96,05:18.1,12:08.7,71,Spring,2020,,,,156,5,163,,,1,4,Male,4 - 5 years
97,05:18.1,12:08.7,72,Fall,2020,,,,156,5,163,,,1,5,Male,4 - 5 years
98,05:18.1,12:08.7,73,Spring,2020,,,,155,5,163,,,1,5,Male,4 - 5 years
99,05:18.1,12:08.7,74,Fall,2020,,,,155,5,163,,,1,5,Male,4 - 5 years
100,05:18.1,12:08.7,75,Spring,2020,,,,155,5,163,,,1,5,Male,4 - 5 years
101,05:18.1,12:08.7,76,Fall,2020,,,,155,5,163,,,1,5,Male,4 - 5 years
102,05:18.1,54:43.0,77,Fall,2020,,,,155,5,163,,,1,5,Male,4 - 5 years
103,05:18.1,12:08.7,78,Spring,2020,,,,155,5,163,,,2,1,Male,4 - 5 years
104,05:18.1,12:08.7,79,Fall,2020,,,,154,5,163,,,2,1,Male,4 - 5 years
105,05:18.1,12:08.7,80,Spring,2020,,,,154,5,163,,,2,1,Male,4 - 5 years
106,05:18.1,12:08.7,81,Fall,2020,,,,154,5,164,,,2,1,Male,4 - 5 years
107,05:18.1,12:08.7,82,Spring,2020,,,,154,5,164,,,3,1,Male,4 - 5 years
108,05:18.1,12:08.7,83,Fall,2020,,,,154,5,164,,,3,1,Male,4 - 5 years
109,05:18.1,12:08.7,83,Spring,2020,,,,154,5,164,,,3,1,Male,4 - 5 years
110,05:18.1,12:08.7,84,Fall,2020,,,,153,5,164,,,3,1,Male,4 - 5 years
111,05:18.1,12:08.7,85,Spring,2020,,,,153,5,164,,,4,1,Male,4 - 5 years
112,05:18.1,12:08.7,86,Fall,2020,,,,153,5,164,,,4,1,Male,4 - 5 years
113,05:18.1,12:08.7,87,Spring,2020,,,,153,5,164,,,4,1,Male,4 - 5 years
114,05:18.1,54:43.0,88,Fall,2020,,,,153,5,164,,,4,1,Male,4 - 5 years
115,05:18.1,54:43.0,89,Fall,2020,,,,153,5,164,,,5,1,Male,4 - 5 years
116,05:18.1,12:08.7,90,Spring,2020,,,,152,5,164,,,5,2,Male,4 - 5 years
117,05:18.1,12:08.7,91,Fall,2020,,,,152,5,164,,,5,2,Male,4 - 5 years
118,05:18.1,12:08.7,92,Spring,2020,,,,152,5,164,,,5,2,Male,4 - 5 years
119,05:18.1,12:08.7,93,Fall,2020,,,,152,5,164,,,1,2,Male,4 - 5 years
120,05:18.1,12:08.7,94,Spring,2020,,,,152,5,164,,,1,2,Male,4 - 5 years
121,05:18.1,12:08.7,95,Fall,2020,,,,152,5,164,,,1,2,Male,4 - 5 years
122,05:18.1,12:08.7,96,Spring,2020,,,,151,5,164,,,1,2,Male,4 - 5 years
123,05:18.1,12:08.7,97,Fall,2020,,,,151,5,164,,,1,3,Male,4 - 5 years
124,05:18.1,12:08.7,98,Spring,2020,,,,151,5,165,,,1,3,Male,4 - 5 years
125,05:18.1,12:08.7,99,Fall,2020,,,,151,5,165,,,1,3,Male,4 - 5 years
126,05:18.1,12:08.7,100,Spring,2020,,,,151,5,165,,,1,3,Male,4 - 5 years
127,05:18.1,54:43.0,100,Fall,2020,,,,151,5,165,,,1,3,Male,4 - 5 years
128,05:18.1,54:43.0,101,Fall,2020,,,,150,5,165,,,2,3,Male,4 - 5 years
129,05:18.1,12:08.7,102,Spring,2020,,,,150,5,165,,,2,4,Male,4 - 5 years
130,05:18.1,12:08.7,103,Fall,2020,,,,150,5,165,,,2,4,Male,4 - 5 years
131,05:18.1,12:08.7,104,Spring,2020,,,,150,5,165,,,2,4,Male,4 - 5 years
132,05:18.1,12:08.7,105,Fall,2020,,,,150,5,165,,,3,4,Male,4 - 5 years
133,05:18.1,12:08.7,106,Spring,2020,,,,150,5,165,,,3,4,Male,4 - 5 years
134,05:18.1,12:08.7,107,Fall,2020,,,,149,5,165,,,3,4,Male,4 - 5 years
135,05:18.1,12:08.7,108,Spring,2020,,,,149,5,165,,,3,4,Male,4 - 5 years
136,05:18.1,12:08.7,109,Fall,2020,,,,149,5,165,,,4,5,Male,4 - 5 years
137,05:18.1,12:08.7,110,Spring,2020,,,,149,5,165,,,4,5,Male,4 - 5 years
138,05:18.1,12:08.7,111,Fall,2020,,,,149,5,165,,,4,5,Male,4 - 5 years
139,05:18.1,12:08.7,112,Spring,2020,,,,149,5,165,,,4,5,Male,4 - 5 years
140,05:18.1,54:43.0,113,Fall,2020,,,,148,5,165,,,5,5,Male,4 - 5 years
141,05:18.1,54:43.0,114,Fall,2020,,,,148,5,165,,,5,5,Male,4 - 5 years
142,05:18.1,12:08.7,115,Spring,2020,,,,148,5,166,,,5,1,Male,4 - 5 years
143,05:18.1,12:08.7,116,Fall,2020,,,,148,5,166,,,5,1,Male,4 - 5 years
144,05:18.1,12:08.7,117,Spring,2020,,,,148,5,166,,,5,1,Male,4 - 5 years
145,05:18.1,12:08.7,117,Fall,2020,,,,148,5,166,,,1,1,Male,4 - 5 years
146,05:18.1,12:08.7,118,Spring,2020,,,,147,5,166,,,1,1,Male,4 - 5 years
147,05:18.1,12:08.7,119,Fall,2020,,,,147,5,166,,,1,1,Male,4 - 5 years
148,05:18.1,12:08.7,60,Spring,2020,,,,147,5,166,,,1,1,Male,4 - 5 years
149,05:18.1,12:08.7,61,Fall,2020,,,,147,5,166,,,1,1,Male,4 - 5 years
150,05:18.1,12:08.7,62,Spring,2020,,,,147,5,166,,,1,1,Male,4 - 5 years
151,05:18.1,12:08.7,63,Fall,2020,,,,147,5,166,,,1,1,Male,4 - 5 years
152,05:18.1,12:08.7,64,Spring,2020,,,,146,5,166,,,1,1,Male,4 - 5 years
153,05:18.1,54:43.0,65,Fall,2020,,,,146,5,166,,,2,1,Male,4 - 5 years
154,05:18.1,54:43.0,66,Fall,2020,,,,146,5,166,,,2,1,Male,4 - 5 years
155,05:18.1,12:08.7,67,Spring,2020,,,,146,5,166,,,2,2,Male,4 - 5 years
156,05:18.1,12:08.7,68,Fall,2020,,,,146,5,166,,,2,2,Male,4 - 5 years
157,05:18.1,12:08.7,69,Spring,2020,,,,146,5,166,,,3,2,Male,4 - 5 years
158,05:18.1,12:08.7,70,Fall,2020,,,,145,5,166,,,3,2,Male,4 - 5 years
159,05:18.1,12:08.7,71,Spring,2020,,,,145,5,166,,,3,2,Male,4 - 5 years
160,05:18.1,12:08.7,72,Fall,2020,,,,145,5,167,,,3,2,Male,4 - 5 years
161,05:18.1,12:08.7,73,Spring,2020,,,,145,5,167,,,3,2,Male,4 - 5 years
162,05:18.1,12:08.7,74,Fall,2020,,,,145,5,167,,,4,3,Male,4 - 5 years
163,05:18.1,12:08.7,74,Spring,2020,,,,145,5,167,,,4,3,Male,4 - 5 years
164,05:18.1,12:08.7,75,Fall,2020,,,,144,5,167,,,4,3,Male,4 - 5 years
165,05:18.1,12:08.7,76,Spring,2020,,,,144,5,167,,,4,3,Male,4 - 5 years
166,05:18.1,54:43.0,77,Fall,2020,,,,144,5,167,,,5,3,Male,4 - 5 years
167,05:18.1,54:43.0,78,Fall,2020,,,,144,5,167,,,5,3,Male,4 - 5 years
168,05:18.1,12:08.7,79,Spring,2020,,,,144,5,167,,,5,4,Male,4 - 5 years
169,05:18.1,12:08.7,80,Fall,2020,,,,144,5,167,,,5,4,Male,4 - 5 years
170,05:18.1,12:08.7,81,Spring,2020,,,,143,5,167,,,1,4,Male,4 - 5 years
171,05:18.1,12:08.7,82,Fall,2020,,,,143,5,167,,,1,4,Male,4 - 5 years
172,05:18.1,12:08.7,83,Spring,2020,,,,143,5,167,,,1,4,Male,4 - 5 years
173,05:18.1,12:08.7,84,Fall,2020,,,,143,5,167,,,1,4,Male,4 - 5 years
174,05:18.1,12:08.7,85,Spring,2020,,,,143,5,167,,,1,4,Male,4 - 5 years
175,05:18.1,12:08.7,86,Fall,2020,,,,143,5,167,,,1,5,Male,4 - 5 years
176,05:18.1,12:08.7,87,Spring,2020,,,,142,5,167,,,1,5,Male,4 - 5 years
177,05:18.1,12:08.7,88,Fall,2020,,,,142,5,167,,,1,5,Male,4 - 5 years
178,05:18.1,12:08.7,89,Spring,2020,,,,142,5,168,,,2,5,Male,4 - 5 years
179,05:18.1,54:43.0,90,Fall,2020,,,,142,5,168,,,2,5,Male,4 - 5 years
180,05:18.1,54:43.0,91,Fall,2020,,,,142,5,168,,,2,5,Male,4 - 5 years
181,05:18.1,12:08.7,91,Spring,2020,,,,142,5,168,,,2,1,Male,4 - 5 years
182,05:18.1,12:08.7,92,Fall,2020,,,,141,5,168,,,2,1,Male,4 - 5 years
183,05:18.1,12:08.7,93,Spring,2020,,,,141,5,168,,,3,1,Male,4 - 5 years
184,05:18.1,12:08.7,94,Fall,2020,,,,141,5,168,,,3,1,Male,4 - 5 years
185,05:18.1,12:08.7,95,Spring,2020,,,,141,5,168,,,3,1,Male,4 - 5 years
186,05:18.1,12:08.7,96,Fall,2020,,,,141,5,168,,,3,1,Male,4 - 5 years
187,05:18.1,12:08.7,97,Spring,2020,,,,141,5,168,,,4,1,Male,4 - 5 years
188,05:18.1,12:08.7,98,Fall,2020,,,,140,5,168,,,4,1,Male,4 - 5 years
189,05:18.1,12:08.7,99,Spring,2020,,,,140,5,168,,,4,1,Male,4 - 5 years
190,05:18.1,12:08.7,100,Fall,2020,,,,140,5,168,,,4,1,Male,4 - 5 years
191,05:18.1,12:08.7,101,Spring,2020,,,,140,5,168,,,5,1,Male,4 - 5 years
192,05:18.1,54:43.0,102,Fall,2020,,,,140,5,168,,,5,1,Male,4 - 5 years
193,05:18.1,54:43.0,103,Fall,2020,,,,140,5,168,,,5,1,Male,4 - 5 years
194,05:18.1,12:08.7,104,Spring,2020,,,,139,5,168,,,5,2,Male,4 - 5 years
195,05:18.1,12:08.7,105,Fall,2020,,,,139,5,168,,,1,2,Male,4 - 5 years
196,05:18.1,12:08.7,106,Spring,2020,,,,139,5,169,,,1,2,Male,4 - 5 years
197,05:18.1,12:08.7,107,Fall,2020,,,,139,5,169,,,1,2,Male,4 - 5 years
198,05:18.1,12:08.7,108,Spring,2020,,,,139,5,169,,,1,2,Male,4 - 5 years
199,05:18.1,12:08.7,108,Fall,2020,,,,139,5,169,,,1,2,Male,4 - 5 years
200,05:18.1,12:08.7,109,Spring,2020,,,,138,5,169,,,1,2,Male,4 - 5 years
201,05:18.1,12:08.7,110,Fall,2020,,,,138,5,169,,,1,3,Male,4 - 5 years
202,05:18.1,54:43.0,111,Fall,2020,,,,138,5,169,,,1,3,Male,4 - 5 years
203,05:18.1,12:08.7,112,Spring,2020,,,,138,5,169,,,1,3,Male,4 - 5 years
204,05:18.1,12:08.7,113,Fall,2020,,,,138,5,169,,,2,3,Male,4 - 5 years
205,05:18.1,12:08.7,114,Spring,2020,,,,138,5,169,,,2,3,Male,4 - 5 years
206,05:18.1,12:08.7,115,Fall,2020,,,,137,5,169,,,2,3,Male,4 - 5 years
207,05:18.1,12:08.7,116,Spring,2020,,,,137,5,169,,,2,4,Male,4 - 5 years
208,05:18.1,12:08.7,117,Fall,2020,,,,137,5,169,,,3,4,Male,4 - 5 years
209,05:18.1,12:08.7,118,Spring,2020,,,,137,5,169,,,3,4,Male,4 - 5 years
210,05:18.1,12:08.7,119,Fall,2020,,,,137,5,169,,,3,4,Male,4 - 5 years
211,05:18.1,12:08.7,60,Spring,2020,,,,137,5,169,,,3,4,Male,4 - 5 years
212,05:18.1,12:08.7,61,Fall,2020,,,,136,5,169,,,4,4,Male,4 - 5 years
213,05:18.1,12:08.7,62,Spring,2020,,,,136,5,169,,,4,4,Male,4 - 5 years
214,05:18.1,54:43.0,63,Fall,2020,,,,136,5,130,,,4,5,Male,4 - 5 years
215,05:18.1,54:43.0,64,Fall,2020,,,,136,5,130,,,4,5,Male,4 - 5 years
216,05:18.1,12:08.7,65,Spring,2020,,,,136,5,130,,,5,5,Male,4 - 5 years
217,05:18.1,12:08.7,65,Fall,2020,,,,136,5,130,,,5,5,Male,4 - 5 years
218,05:18.1,12:08.7,66,Spring,2020,,,,135,5,130,,,5,5,Male,4 - 5 years
219,05:18.1,12:08.7,67,Fall,2020,,,,135,5,130,,,5,5,Male,4 - 5 years
220,05:18.1,12:08.7,68,Spring,2020,,,,135,5,130,,,1,1,Male,4 - 5 years
221,05:18.1,12:08.7,69,Fall,2020,,,,135,5,130,,,1,1,Male,4 - 5 years
222,05:18.1,12:08.7,70,Spring,2020,,,,135,5,130,,,1,1,Male,4 - 5 years
223,05:18.1,12:08.7,71,Fall,2020,,,,134,5,130,,,1,1,Male,4 - 5 years
224,05:18.1,12:08.7,72,Spring,2020,,,,134,5,130,,,1,1,Male,4 - 5 years
225,05:18.1,12:08.7,73,Fall,2020,,,,134,5,130,,,1,1,Male,4 - 5 years
226,05:18.1,12:08.7,74,Spring,2020,,,,134,5,130,,,1,1,Male,4 - 5 years
227,05:18.1,54:43.0,75,Fall,2020,,,,134,5,130,,,1,1,Male,4 - 5 years
228,05:18.1,54:43.0,76,Fall,2020,,,,134,5,130,,,1,1,Male,4 - 5 years
229,05:18.1,12:08.7,77,Spring,2020,,,,133,5,130,,,2,1,Male,4 - 5 years
230,05:18.1,12:08.7,78,Fall,2020,,,,133,5,130,,,2,1,Male,4 - 5 years
231,05:18.1,12:08.7,79,Spring,2020,,,,133,5,131,,,2,1,Male,4 - 5 years
232,05:18.1,12:08.7,80,Fall,2020,,,,133,5,131,,,2,1,Male,4 - 5 years
233,05:18.1,12:08.7,81,Spring,2020,,,,133,5,131,,,3,2,Male,4 - 5 years
234,05:18.1,12:08.7,81,Fall,2020,,,,133,5,131,,,3,2,Male,4 - 5 years
235,05:18.1,12:08.7,82,Spring,2020,,,,132,5,131,,,3,2,Male,4 - 5 years
236,05:18.1,12:08.7,83,Fall,2020,,,,132,5,131,,,3,2,Male,4 - 5 years
237,05:18.1,12:08.7,84,Spring,2020,,,,132,5,131,,,4,2,Male,4 - 5 years
238,05:18.1,12:08.7,85,Fall,2020,,,,132,5,131,,,4,2,Male,4 - 5 years
239,05:18.1,12:08.7,86,Spring,2020,,,,132,5,131,,,4,2,Male,4 - 5 years
240,05:18.1,54:43.0,87,Fall,2020,,,,132,5,131,,,4,3,Male,4 - 5 years
241,05:18.1,54:43.0,88,Fall,2020,,,,131,5,131,,,5,3,Male,4 - 5 years
242,05:18.1,12:08.7,89,Spring,2020,,,,131,5,131,,,5,3,Male,4 - 5 years
243,05:18.1,12:08.7,90,Fall,2020,,,,131,5,131,,,5,3,Male,4 - 5 years
244,05:18.1,12:08.7,91,Spring,2020,,,,131,5,131,,,5,3,Male,4 - 5 years
245,05:18.1,12:08.7,92,Fall,2020,,,,131,5,131,,,5,3,Male,4 - 5 years
246,05:18.1,12:08.7,93,Spring,2020,,,,131,5,131,,,1,4,Male,4 - 5 years
247,05:18.1,12:08.7,94,Fall,2020,,,,130,5,131,,,1,4,Male,4 - 5 years
248,05:18.1,12:08.7,95,Spring,2020,,,,130,5,131,,,1,4,Male,4 - 5 years
249,05:18.1,12:08.7,96,Fall,2020,,,,130,5,132,,,1,4,Male,4 - 5 years
250,05:18.1,12:08.7,97,Spring,2020,,,,130,5,132,,,1,4,Male,4 - 5 years
251,05:18.1,12:08.7,98,Fall,2020,,,,130,5,132,,,1,4,Male,4 - 5 years
252,05:18.1,12:08.7,98,Spring,2020,,,,130,5,132,,,1,4,Male,4 - 5 years
253,05:18.1,54:43.0,99,Fall,2020,,,,169,5,132,,,1,5,Male,4 - 5 years
254,05:18.1,54:43.0,100,Fall,2020,,,,169,5,132,,,2,5,Male,4 - 5 years
255,05:18.1,12:08.7,101,Spring,2020,,,,169,5,132,,,2,5,Male,4 - 5 years
256,05:18.1,12:08.7,102,Fall,2020,,,,169,5,132,,,2,5,Male,4 - 5 years
257,05:18.1,12:08.7,103,Spring,2020,,,,169,5,132,,,2,5,Male,4 - 5 years
258,05:18.1,12:08.7,104,Fall,2020,,,,169,5,132,,,3,5,Male,4 - 5 years
259,05:18.1,12:08.7,105,Spring,2020,,,,168,5,132,,,3,1,Male,4 - 5 years
260,05:18.1,12:08.7,106,Fall,2020,,,,168,5,132,,,3,1,Male,4 - 5 years
261,05:18.1,12:08.7,107,Spring,2020,,,,168,5,132,,,3,1,Male,4 - 5 years
262,05:18.1,12:08.7,108,Fall,2020,,,,168,5,132,,,4,1,Male,4 - 5 years
263,05:18.1,12:08.7,109,Spring,2020,,,,168,5,132,,,4,1,Male,4 - 5 years
264,05:18.1,12:08.7,110,Fall,2020,,,,168,5,132,,,4,1,Male,4 - 5 years
265,05:18.1,12:08.7,111,Spring,2020,,,,167,5,132,,,4,1,Male,4 - 5 years
266,05:18.1,54:43.0,112,Fall,2020,,,,167,5,132,,,4,1,Male,4 - 5 years
267,05:18.1,54:43.0,113,Fall,2020,,,,167,5,133,,,5,1,Male,4 - 5 years
268,05:18.1,12:08.7,114,Spring,2020,,,,167,5,133,,,5,1,Male,4 - 5 years
269,05:18.1,12:08.7,115,Fall,2020,,,,167,5,133,,,5,1,Male,4 - 5 years
270,05:18.1,12:08.7,115,Spring,2020,,,,167,5,133,,,5,1,Male,4 - 5 years
271,05:18.1,12:08.7,116,Fall,2020,,,,166,5,133,,,1,1,Male,4 - 5 years
272,05:18.1,12:08.7,117,Spring,2020,,,,166,5,133,,,1,2,Male,4 - 5 years
273,05:18.1,12:08.7,118,Fall,2020,,,,166,5,133,,,1,2,Male,4 - 5 years
274,05:18.1,12:08.7,119,Spring,2020,,,,166,5,133,,,1,2,Male,4 - 5 years
275,05:18.1,12:08.7,60,Fall,2020,,,,166,5,133,,,1,2,Male,4 - 5 years
276,05:18.1,12:08.7,61,Spring,2020,,,,166,5,133,,,1,2,Male,4 - 5 years
277,05:18.1,12:08.7,62,Fall,2020,,,,165,5,133,,,1,2,Male,4 - 5 years
278,05:18.1,12:08.7,63,Spring,2020,,,,165,5,133,,,1,2,Male,4 - 5 years
279,05:18.1,54:43.0,64,Fall,2020,,,,165,5,133,,,2,3,Male,4 - 5 years
280,05:18.1,54:43.0,65,Fall,2020,,,,165,5,133,,,2,3,Male,4 - 5 years
281,05:18.1,12:08.7,66,Spring,2020,,,,165,5,133,,,2,3,Male,4 - 5 years
282,05:18.1,12:08.7,67,Fall,2020,,,,165,5,133,,,2,3,Male,4 - 5 years
283,05:18.1,12:08.7,68,Spring,2020,,,,164,5,133,,,3,3,Male,4 - 5 years
284,05:18.1,12:08.7,69,Fall,2020,,,,164,5,133,,,3,3,Male,4 - 5 years
285,05:18.1,12:08.7,70,Spring,2020,,,,164,5,134,,,3,4,Male,4 - 5 years
286,05:18.1,12:08.7,71,Fall,2020,,,,164,5,134,,,3,4,Male,4 - 5 years
287,05:18.1,12:08.7,72,Spring,2020,,,,164,5,134,,,3,4,Male,4 - 5 years
288,05:18.1,12:08.7,72,Fall,2020,,,,164,5,134,,,4,4,Male,4 - 5 years
289,05:18.1,12:08.7,73,Spring,2020,,,,163,5,134,,,4,4,Male,4 - 5 years
290,05:18.1,12:08.7,74,Fall,2020,,,,163,5,134,,,4,4,Male,4 - 5 years
291,05:18.1,12:08.7,75,Spring,2020,,,,163,5,134,,,4,4,Male,4 - 5 years
292,05:18.1,54:43.0,76,Fall,2020,,,,163,5,134,,,5,5,Male,4 - 5 years
293,05:18.1,54:43.0,77,Fall,2020,,,,163,5,134,,,5,5,Male,4 - 5 years
294,05:18.1,12:08.7,78,Spring,2020,,,,163,5,134,,,5,5,Male,4 - 5 years
295,05:18.1,12:08.7,79,Fall,2020,,,,162,5,134,,,5,5,Male,4 - 5 years
296,05:18.1,12:08.7,80,Spring,2020,,,,162,5,134,,,1,5,Male,4 - 5 years
297,05:18.1,12:08.7,81,Fall,2020,,,,162,5,134,,,1,5,Male,4 - 5 years
298,05:18.1,12:08.7,82,Spring,2020,,,,162,5,134,,,1,1,Male,4 - 5 years
299,05:18.1,12:08.7,83,Fall,2020,,,,162,5,134,,,1,1,Male,4 - 5 years
300,05:18.1,12:08.7,84,Spring,2020,,,,162,5,134,,,1,1,Male,4 - 5 years
301,05:18.1,12:08.7,85,Fall,2020,,,,161,5,134,,,1,1,Male,4 - 5 years
302,05:18.1,54:43.0,86,Fall,2020,,,,161,5,134,,,1,1,Male,4 - 5 years
303,05:18.1,12:08.7,87,Spring,2020,,,,161,5,135,,,1,1,Male,4 - 5 years
304,05:18.1,12:08.7,88,Fall,2020,,,,161,5,135,,,1,1,Male,4 - 5 years
305,05:18.1,12:08.7,89,Spring,2020,,,,161,5,135,,,2,1,Male,4 - 5 years
306,05:18.1,12:08.7,89,Fall,2020,,,,161,5,135,,,2,1,Male,4 - 5 years
307,05:18.1,12:08.7,90,Spring,2020,,,,160,5,135,,,2,1,Male,4 - 5 years
308,05:18.1,12:08.7,91,Fall,2020,,,,160,5,135,,,2,1,Male,4 - 5 years
309,05:18.1,12:08.7,92,Spring,2020,,,,160,5,135,,,3,1,Male,4 - 5 years
310,05:18.1,12:08.7,93,Fall,2020,,,,160,5,135,,,3,1,Male,4 - 5 years
311,05:18.1,12:08.7,94,Spring,2020,,,,160,5,135,,,3,2,Male,4 - 5 years
312,05:18.1,12:08.7,95,Fall,2020,,,,160,5,135,,,3,2,Male,4 - 5 years
313,05:18.1,12:08.7,96,Spring,2020,,,,159,5,135,,,4,2,Male,4 - 5 years
314,05:18.1,54:43.0,97,Fall,2020,,,,159,5,135,,,4,2,Male,4 - 5 years
315,05:18.1,54:43.0,98,Fall,2020,,,,159,5,135,,,4,2,Male,4 - 5 years
316,05:18.1,12:08.7,99,Spring,2020,,,,159,5,135,,,4,2,Male,4 - 5 years
317,05:18.1,12:08.7,100,Fall,2020,,,,159,5,135,,,5,2,Male,4 - 5 years
318,05:18.1,12:08.7,101,Spring,2020,,,,159,5,135,,,5,3,Male,4 - 5 years
319,05:18.1,12:08.7,102,Fall,2020,,,,158,5,135,,,5,3,Male,4 - 5 years
320,05:18.1,12:08.7,103,Spring,2020,,,,158,5,135,,,5,3,Male,4 - 5 years
321,05:18.1,12:08.7,104,Fall,2020,,,,158,5,136,,,1,3,Male,4 - 5 years
322,05:18.1,12:08.7,105,Spring,2020,,,,158,5,136,,,1,3,Male,4 - 5 years
323,05:18.1,12:08.7,106,Fall,2020,,,,158,5,136,,,1,3,Male,4 - 5 years
324,05:18.1,12:08.7,106,Spring,2020,,,,158,5,136,,,1,4,Male,4 - 5 years
325,05:18.1,12:08.7,107,Fall,2020,,,,157,5,136,,,1,4,Male,4 - 5 years
326,05:18.1,12:08.7,108,Spring,2020,,,,157,5,136,,,1,4,Male,4 - 5 years
327,05:18.1,54:43.0,109,Fall,2020,,,,157,5,136,,,1,4,Male,4 - 5 years
328,05:18.1,54:43.0,110,Fall,2020,,,,157,5,136,,,1,4,Male,4 - 5 years
329,05:18.1,12:08.7,111,Spring,2020,,,,157,5,136,,,1,4,Male,4 - 5 years
330,05:18.1,12:08.7,112,Fall,2020,,,,157,5,136,,,2,4,Male,4 - 5 years
331,05:18.1,12:08.7,113,Spring,2020,,,,156,5,136,,,2,5,Male,4 - 5 years
332,05:18.1,12:08.7,114,Fall,2020,,,,156,5,136,,,2,5,Male,4 - 5 years
333,05:18.1,12:08.7,115,Spring,2020,,,,156,5,136,,,2,5,Male,4 - 5 years
334,05:18.1,12:08.7,116,Fall,2020,,,,156,5,136,,,3,5,Male,4 - 5 years
335,05:18.1,12:08.7,117,Spring,2020,,,,156,5,136,,,3,5,Male,4 - 5 years
336,05:18.1,12:08.7,118,Fall,2020,,,,156,5,136,,,3,5,Male,4 - 5 years
337,05:18.1,12:08.7,119,Spring,2020,,,,155,5,136,,,3,1,Male,4 - 5 years
338,05:18.1,12:08.7,60,Fall,2020,,,,155,5,136,,,4,1,Male,4 - 5 years
339,05:18.1,12:08.7,61,Spring,2020,,,,155,5,137,,,4,1,Male,4 - 5 years
340,05:18.1,54:43.0,62,Fall,2020,,,,155,5,137,,,4,1,Male,4 - 5 years
341,05:18.1,54:43.0,63,Fall,2020,,,,155,5,137,,,4,1,Male,4 - 5 years
342,05:18.1,12:08.7,63,Spring,2020,,,,155,5,137,,,5,1,Male,4 - 5 years
343,05:18.1,12:08.7,64,Fall,2020,,,,154,5,137,,,5,1,Male,4 - 5 years
344,05:18.1,12:08.7,65,Spring,2020,,,,154,5,137,,,5,1,Male,4 - 5 years
345,05:18.1,12:08.7,66,Fall,2020,,,,154,5,137,,,5,1,Male,4 - 5 years
346,05:18.1,12:08.7,67,Spring,2020,,,,154,5,137,,,5,1,Male,4 - 5 years
347,05:18.1,12:08.7,68,Fall,2020,,,,154,5,137,,,1,1,Male,4 - 5 years
348,05:18.1,12:08.7,69,Spring,2020,,,,154,5,137,,,1,1,Male,4 - 5 years
349,05:18.1,12:08.7,70,Fall,2020,,,,153,5,137,,,1,1,Male,4 - 5 years
350,05:18.1,12:08.7,71,Spring,2020,,,,153,5,137,,,1,2,Male,4 - 5 years
351,05:18.1,12:08.7,72,Fall,2020,,,,153,5,137,,,1,2,Male,4 - 5 years
352,05:18.1,12:08.7,73,Spring,2020,,,,153,5,137,,,1,2,Male,4 - 5 years
353,05:18.1,54:43.0,74,Fall,2020,,,,153,5,137,,,1,2,Male,4 - 5 years
354,05:18.1,54:43.0,75,Fall,2020,,,,153,5,137,,,1,2,Male,4 - 5 years
355,05:18.1,12:08.7,76,Spring,2020,,,,152,5,137,,,2,2,Male,4 - 5 years
356,05:18.1,12:08.7,77,Fall,2020,,,,152,5,137,,,2,2,Male,4 - 5 years
357,05:18.1,12:08.7,78,Spring,2020,,,,152,5,138,,,2,3,Male,4 - 5 years
358,05:18.1,12:08.7,79,Fall,2020,,,,152,5,138,,,2,3,Male,4 - 5 years
359,05:18.1,12:08.7,80,Spring,2020,,,,152,5,138,,,3,3,Male,4 - 5 years
360,05:18.1,12:08.7,80,Fall,2020,,,,152,5,138,,,3,3,Male,4 - 5 years
361,05:18.1,12:08.7,81,Spring,2020,,,,151,5,138,,,3,3,Male,4 - 5 years
362,05:18.1,12:08.7,82,Fall,2020,,,,151,5,138,,,3,3,Male,4 - 5 years
363,05:18.1,12:08.7,83,Spring,2020,,,,151,5,138,,,4,4,Male,4 - 5 years
364,05:18.1,12:08.7,84,Fall,2020,,,,151,5,138,,,4,4,Male,4 - 5 years
365,05:18.1,12:08.7,85,Spring,2020,,,,151,5,138,,,4,4,Male,4 - 5 years
366,05:18.1,54:43.0,86,Fall,2020,,,,150,5,138,,,4,4,Male,4 - 5 years
367,05:18.1,54:43.0,87,Fall,2020,,,,150,5,138,,,4,4,Male,4 - 5 years
368,05:18.1,12:08.7,88,Spring,2020,,,,150,5,138,,,5,4,Male,4 - 5 years
369,05:18.1,12:08.7,89,Fall,2020,,,,150,5,138,,,5,4,Male,4 - 5 years
370,05:18.1,12:08.7,90,Spring,2020,,,,150,5,138,,,5,5,Male,4 - 5 years
371,05:18.1,12:08.7,91,Fall,2020,,,,150,5,138,,,5,5,Male,4 - 5 years
372,05:18.1,12:08.7,92,Spring,2020,,,,149,5,138,,,1,5,Male,4 - 5 years
373,05:18.1,12:08.7,93,Fall,2020,,,,149,5,138,,,1,5,Male,4 - 5 years
374,05:18.1,12:08.7,94,Spring,2020,,,,149,5,139,,,1,5,Male,4 - 5 years
375,05:18.1,12:08.7,95,Fall,2020,,,,149,5,139,,,1,5,Male,4 - 5 years
376,05:18.1,12:08.7,96,Spring,2020,,,,149,5,139,,,1,1,Male,4 - 5 years
377,05:18.1,12:08.7,96,Fall,2020,,,,149,5,139,,,1,1,Male,4 - 5 years
378,05:18.1,12:08.7,97,Spring,2020,,,,148,5,139,,,1,1,Male,4 - 5 years
379,05:18.1,54:43.0,98,Fall,2020,,,,148,5,139,,,1,1,Male,4 - 5 years
380,05:18.1,54:43.0,99,Fall,2020,,,,148,5,139,,,2,1,Male,4 - 5 years
381,05:18.1,12:08.7,100,Spring,2020,,,,148,5,139,,,2,1,Male,4 - 5 years
382,05:18.1,12:08.7,101,Fall,2020,,,,148,5,139,,,2,1,Male,4 - 5 years
383,05:18.1,12:08.7,102,Spring,2020,,,,148,5,139,,,2,1,Male,4 - 5 years
384,05:18.1,12:08.7,103,Fall,2020,,,,147,5,139,,,3,1,Male,4 - 5 years
385,05:18.1,12:08.7,104,Spring,2020,,,,147,5,139,,,3,1,Male,4 - 5 years
386,05:18.1,12:08.7,105,Fall,2020,,,,147,5,139,,,3,1,Male,4 - 5 years
387,05:18.1,12:08.7,106,Spring,2020,,,,147,5,139,,,3,1,Male,4 - 5 years
388,05:18.1,12:08.7,107,Fall,2020,,,,147,5,139,,,3,1,Male,4 - 5 years
389,05:18.1,12:08.7,108,Spring,2020,,,,147,5,139,,,4,2,Male,4 - 5 years
390,05:18.1,12:08.7,109,Fall,2020,,,,146,5,139,,,4,2,Male,4 - 5 years
391,05:18.1,12:08.7,110,Spring,2020,,,,146,5,139,,,4,2,Male,4 - 5 years
392,05:18.1,54:43.0,111,Fall,2020,,,,146,5,140,,,4,2,Male,4 - 5 years
393,05:18.1,54:43.0,112,Fall,2020,,,,146,5,140,,,5,2,Male,4 - 5 years
394,05:18.1,12:08.7,113,Spring,2020,,,,146,5,140,,,5,2,Male,4 - 5 years
395,05:18.1,12:08.7,113,Fall,2020,,,,146,5,140,,,5,2,Male,4 - 5 years
396,05:18.1,12:08.7,114,Spring,2020,,,,145,5,140,,,5,3,Male,4 - 5 years
397,05:18.1,12:08.7,115,Fall,2020,,,,145,5,140,,,1,3,Male,4 - 5 years
398,05:18.1,12:08.7,116,Spring,2020,,,,145,5,140,,,1,3,Male,4 - 5 years
399,05:18.1,12:08.7,117,Fall,2020,,,,145,5,140,,,1,3,Male,4 - 5 years
400,05:18.1,12:08.7,118,Spring,2020,,,,145,5,140,,,1,3,Male,4 - 5 years
401,05:18.1,12:08.7,119,Fall,2020,,,,145,5,140,,,1,3,Male,4 - 5 years
402,05:18.1,54:43.0,60,Fall,2020,,,,144,5,140,,,1,4,Male,4 - 5 years
403,05:18.1,12:08.7,61,Spring,2020,,,,144,5,140,,,1,4,Male,4 - 5 years
404,05:18.1,12:08.7,62,Fall,2020,,,,144,5,140,,,1,4,Male,4 - 5 years
405,05:18.1,12:08.7,63,Spring,2020,,,,144,5,140,,,2,4,Male,4 - 5 years
406,05:18.1,12:08.7,64,Fall,2020,,,,144,5,140,,,2,4,Male,4 - 5 years
407,05:18.1,12:08.7,65,Spring,2020,,,,144,5,140,,,2,4,Male,4 - 5 years
408,05:18.1,12:08.7,66,Fall,2020,,,,143,5,140,,,2,4,Male,4 - 5 years
409,05:18.1,12:08.7,67,Spring,2020,,,,143,5,140,,,2,5,Male,4 - 5 years
410,05:18.1,12:08.7,68,Fall,2020,,,,143,5,141,,,3,5,Male,4 - 5 years
411,05:18.1,12:08.7,69,Spring,2020,,,,143,5,141,,,3,5,Male,4 - 5 years
412,05:18.1,12:08.7,70,Fall,2020,,,,143,5,141,,,3,5,Male,4 - 5 years
413,05:18.1,12:08.7,70,Spring,2020,,,,143,5,141,,,3,5,Male,4 - 5 years
414,05:18.1,54:43.0,71,Fall,2020,,,,142,5,141,,,4,5,Male,4 - 5 years
415,05:18.1,54:43.0,72,Fall,2020,,,,142,5,141,,,4,1,Male,4 - 5 years
416,05:18.1,12:08.7,73,Spring,2020,,,,142,5,141,,,4,1,Male,4 - 5 years
417,05:18.1,12:08.7,74,Fall,2020,,,,142,5,141,,,4,1,Male,4 - 5 years
418,05:18.1,12:08.7,75,Spring,2020,,,,142,5,141,,,5,1,Male,4 - 5 years
419,05:18.1,12:08.7,76,Fall,2020,,,,142,5,141,,,5,1,Male,4 - 5 years
420,05:18.1,12:08.7,77,Spring,2020,,,,141,5,141,,,5,1,Male,4 - 5 years
421,05:18.1,12:08.7,78,Fall,2020,,,,141,5,141,,,5,1,Male,4 - 5 years
422,05:18.1,12:08.7,79,Spring,2020,,,,141,5,141,,,1,1,Male,4 - 5 years
423,05:18.1,12:08.7,80,Fall,2020,,,,141,5,141,,,1,1,Male,4 - 5 years
424,05:18.1,12:08.7,81,Spring,2020,,,,141,5,141,,,1,1,Male,4 - 5 years
425,05:18.1,12:08.7,82,Fall,2020,,,,141,5,141,,,1,1,Male,4 - 5 years
426,05:18.1,12:08.7,83,Spring,2020,,,,140,5,141,,,1,1,Male,4 - 5 years
427,05:18.1,54:43.0,84,Fall,2020,,,,140,5,141,,,1,1,Male,4 - 5 years
428,05:18.1,54:43.0,85,Fall,2020,,,,140,5,142,,,1,2,Male,4 - 5 years
429,05:18.1,12:08.7,86,Spring,2020,,,,140,5,142,,,1,2,Male,4 - 5 years
430,05:18.1,12:08.7,87,Fall,2020,,,,140,5,142,,,1,2,Male,4 - 5 years
431,05:18.1,12:08.7,87,Spring,2020,,,,140,5,142,,,2,2,Male,4 - 5 years
432,05:18.1,12:08.7,88,Fall,2020,,,,139,5,142,,,2,2,Male,4 - 5 years
433,05:18.1,12:08.7,89,Spring,2020,,,,139,5,142,,,2,2,Male,4 - 5 years
434,05:18.1,12:08.7,90,Fall,2020,,,,139,5,142,,,2,2,Male,4 - 5 years
435,05:18.1,12:08.7,91,Spring,2020,,,,139,5,142,,,3,3,Male,4 - 5 years
436,05:18.1,12:08.7,92,Fall,2020,,,,139,5,142,,,3,3,Male,4 - 5 years
437,05:18.1,12:08.7,93,Spring,2020,,,,139,5,142,,,3,3,Male,4 - 5 years
438,05:18.1,12:08.7,94,Fall,2020,,,,138,5,142,,,3,3,Male,4 - 5 years
439,05:18.1,12:08.7,95,Spring,2020,,,,138,5,142,,,4,3,Male,4 - 5 years
440,05:18.1,54:43.0,96,Fall,2020,,,,138,5,142,,,4,3,Male,4 - 5 years
441,05:18.1,54:43.0,97,Fall,2020,,,,138,5,142,,,4,4,Male,4 - 5 years
442,05:18.1,12:08.7,98,Spring,2020,,,,138,5,142,,,4,4,Male,4 - 5 years
443,05:18.1,12:08.7,99,Fall,2020,,,,138,5,142,,,5,4,Male,4 - 5 years
444,05:18.1,12:08.7,100,Spring,2020,,,,137,5,142,,,5,4,Male,4 - 5 years
445,05:18.1,12:08.7,101,Fall,2020,,,,137,5,142,,,5,4,Male,4 - 5 years
446,05:18.1,12:08.7,102,Spring,2020,,,,137,5,143,,,5,4,Male,4 - 5 years
447,05:18.1,12:08.7,103,Fall,2020,,,,137,5,143,,,5,4,Male,4 - 5 years
448,05:18.1,12:08.7,104,Spring,2020,,,,137,5,143,,,1,5,Male,4 - 5 years
449,05:18.1,12:08.7,104,Fall,2020,,,,137,5,143,,,1,5,Male,4 - 5 years
450,05:18.1,12:08.7,105,Spring,2020,,,,136,5,143,,,1,5,Male,4 - 5 years
451,05:18.1,12:08.7,106,Fall,2020,,,,136,5,143,,,1,5,Male,4 - 5 years
452,05:18.1,12:08.7,107,Spring,2020,,,,136,5,143,,,1,5,Male,4 - 5 years
453,05:18.1,54:43.0,108,Fall,2020,,,,136,5,143,,,1,5,Male,4 - 5 years
454,05:18.1,54:43.0,109,Fall,2020,,,,136,5,143,,,1,1,Male,4 - 5 years
455,05:18.1,12:08.7,110,Spring,2020,,,,136,5,143,,,1,1,Male,4 - 5 years
456,05:18.1,12:08.7,111,Fall,2020,,,,135,5,143,,,2,1,Male,4 - 5 years
457,05:18.1,12:08.7,112,Spring,2020,,,,135,5,143,,,2,1,Male,4 - 5 years
458,05:18.1,12:08.7,113,Fall,2020,,,,135,5,143,,,2,1,Male,4 - 5 years
459,05:18.1,12:08.7,114,Spring,2020,,,,135,5,143,,,2,1,Male,4 - 5 years
460,05:18.1,12:08.7,115,Fall,2020,,,,135,5,143,,,3,1,Male,4 - 5 years
461,05:18.1,12:08.7,116,Spring,2020,,,,135,5,143,,,3,1,Male,4 - 5 years
462,05:18.1,12:08.7,117,Fall,2020,,,,134,5,143,,,3,1,Male,4 - 5 years
463,05:18.1,12:08.7,118,Spring,2020,,,,134,5,143,,,3,1,Male,4 - 5 years
464,05:18.1,12:08.7,119,Fall,2020,,,,134,5,144,,,4,1,Male,4 - 5 years
465,05:18.1,12:08.7,60,Spring,2020,,,,134,5,144,,,4,1,Male,4 - 5 years
466,05:18.1,54:43.0,61,Fall,2020,,,,134,5,144,,,4,1,Male,4 - 5 years
467,05:18.1,54:43.0,61,Fall,2020,,,,134,5,144,,,4,2,Male,4 - 5 years
468,05:18.1,12:08.7,62,Spring,2020,,,,133,5,144,,,4,2,Male,4 - 5 years
469,05:18.1,12:08.7,63,Fall,2020,,,,133,5,144,,,5,2,Male,4 - 5 years
470,05:18.1,12:08.7,64,Spring,2020,,,,133,5,144,,,5,2,Male,4 - 5 years
471,05:18.1,12:08.7,65,Fall,2020,,,,133,5,144,,,5,2,Male,4 - 5 years
472,05:18.1,12:08.7,66,Spring,2020,,,,133,5,144,,,5,2,Male,4 - 5 years
473,05:18.1,12:08.7,67,Fall,2020,,,,133,5,144,,,1,2,Male,4 - 5 years
474,05:18.1,12:08.7,68,Spring,2020,,,,132,5,144,,,1,3,Male,4 - 5 years
475,05:18.1,12:08.7,69,Fall,2020,,,,132,5,144,,,1,3,Male,4 - 5 years
476,05:18.1,12:08.7,70,Spring,2020,,,,132,5,144,,,1,3,Male,4 - 5 years
477,05:18.1,12:08.7,71,Fall,2020,,,,132,5,144,,,1,3,Male,4 - 5 years
478,05:18.1,12:08.7,72,Spring,2020,,,,132,5,144,,,1,3,Male,4 - 5 years
479,05:18.1,54:43.0,73,Fall,2020,,,,132,5,144,,,1,3,Male,4 - 5 years
480,05:18.1,54:43.0,74,Fall,2020,,,,131,5,144,,,1,4,Male,4 - 5 years
481,05:18.1,12:08.7,75,Spring,2020,,,,131,5,144,,,2,4,Male,4 - 5 years
482,05:18.1,12:08.7,76,Fall,2020,,,,131,5,145,,,2,4,Male,4 - 5 years
483,05:18.1,12:08.7,77,Spring,2020,,,,131,5,145,,,2,4,Male,4 - 5 years
484,05:18.1,12:08.7,78,Fall,2020,,,,131,5,145,,,2,4,Male,4 - 5 years
485,05:18.1,12:08.7,78,Spring,2020,,,,131,5,145,,,3,4,Male,4 - 5 years
486,05:18.1,12:08.7,79,Fall,2020,,,,130,5,145,,,3,4,Male,4 - 5 years
487,05:18.1,12:08.7,80,Spring,2020,,,,130,5,145,,,3,5,Male,4 - 5 years
488,05:18.1,12:08.7,81,Fall,2020,,,,130,5,145,,,3,5,Male,4 - 5 years
489,05:18.1,12:08.7,82,Spring,2020,,,,130,5,145,,,3,5,Male,4 - 5 years
490,05:18.1,12:08.7,83,Fall,2020,,,,130,5,145,,,4,5,Male,4 - 5 years
491,05:18.1,12:08.7,84,Spring,2020,,,,130,5,145,,,4,5,Male,4 - 5 years
492,05:18.1,54:43.0,85,Fall,2020,,,,169,5,145,,,4,5,Male,4 - 5 years
493,05:18.1,54:43.0,86,Fall,2020,,,,169,5,145,,,4,1,Male,4 - 5 years
494,05:18.1,12:08.7,87,Spring,2020,,,,169,5,145,,,5,1,Male,4 - 5 years
495,05:18.1,12:08.7,88,Fall,2020,,,,169,5,145,,,5,1,Male,4 - 5 years
496,05:18.1,12:08.7,89,Spring,2020,,,,169,5,145,,,5,1,Male,4 - 5 years
497,05:18.1,12:08.7,90,Fall,2020,,,,169,5,145,,,5,1,Male,4 - 5 years
498,05:18.1,12:08.7,91,Spring,2020,,,,168,5,145,,,1,1,Male,4 - 5 years
499,05:18.1,12:08.7,92,Fall,2020,,,,168,5,145,,,1,1,Male,4 - 5 years
500,05:18.1,12:08.7,93,Spring,2020,,,,168,5,146,,,1,1,Male,4 - 5 years
501,05:18.1,12:08.7,94,Fall,2020,,,,168,5,146,,,1,1,Male,4 - 5 years
502,05:18.1,54:43.0,95,Fall,2020,,,,168,5,146,,,1,1,Male,4 - 5 years
503,05:18.1,12:08.7,95,Spring,2020,,,,168,5,146,,,1,1,Male,4 - 5 years
504,05:18.1,12:08.7,96,Fall,2020,,,,167,5,146,,,1,1,Male,4 - 5 years
505,05:18.1,12:08.7,97,Spring,2020,,,,167,5,146,,,1,1,Male,4 - 5 years
506,05:18.1,12:08.7,98,Fall,2020,,,,167,5,146,,,2,2,Male,4 - 5 years
507,05:18.1,12:08.7,99,Spring,2020,,,,167,5,146,,,2,2,Male,4 - 5 years
508,05:18.1,12:08.7,100,Fall,2020,,,,167,5,146,,,2,2,Male,4 - 5 years
509,05:18.1,12:08.7,101,Spring,2020,,,,166,5,146,,,2,2,Male,4 - 5 years
510,05:18.1,12:08.7,102,Fall,2020,,,,166,5,146,,,2,2,Male,4 - 5 years
511,05:18.1,12:08.7,103,Spring,2020,,,,166,5,146,,,3,2,Male,4 - 5 years
512,05:18.1,12:08.7,104,Fall,2020,,,,166,5,146,,,3,2,Male,4 - 5 years
513,05:18.1,12:08.7,105,Spring,2020,,,,166,5,146,,,3,3,Male,4 - 5 years
514,05:18.1,54:43.0,106,Fall,2020,,,,166,5,146,,,3,3,Male,4 - 5 years
515,05:18.1,54:43.0,107,Fall,2020,,,,165,5,146,,,4,3,Male,4 - 5 years
516,05:18.1,12:08.7,108,Spring,2020,,,,165,5,146,,,4,3,Male,4 - 5 years
517,05:18.1,12:08.7,109,Fall,2020,,,,165,5,147,,,4,3,Male,4 - 5 years
518,05:18.1,12:08.7,110,Spring,2020,,,,165,5,147,,,4,3,Male,4 - 5 years
519,05:18.1,12:08.7,111,Fall,2020,,,,165,5,147,,,5,4,Male,4 - 5 years
520,05:18.1,12:08.7,111,Spring,2020,,,,165,5,147,,,5,4,Male,4 - 5 years
521,05:18.1,12:08.7,112,Fall,2020,,,,164,5,147,,,5,4,Male,4 - 5 years
522,05:18.1,12:08.7,113,Spring,2020,,,,164,5,147,,,5,4,Male,4 - 5 years
523,05:18.1,12:08.7,114,Fall,2020,,,,164,5,147,,,1,4,Male,4 - 5 years
524,05:18.1,12:08.7,115,Spring,2020,,,,164,5,147,,,1,4,Male,4 - 5 years
525,05:18.1,12:08.7,116,Fall,2020,,,,164,5,147,,,1,4,Male,4 - 5 years
526,05:18.1,12:08.7,117,Spring,2020,,,,164,5,147,,,1,5,Male,4 - 5 years
527,05:18.1,54:43.0,118,Fall,2020,,,,163,5,147,,,1,5,Male,4 - 5 years
528,05:18.1,54:43.0,119,Fall,2020,,,,163,5,147,,,1,5,Male,4 - 5 years
529,05:18.1,12:08.7,60,Spring,2020,,,,163,5,147,,,1,5,Male,4 - 5 years
530,05:18.1,12:08.7,61,Fall,2020,,,,163,5,147,,,1,5,Male,4 - 5 years
531,05:18.1,12:08.7,62,Spring,2020,,,,163,5,147,,,1,5,Male,4 - 5 years
532,05:18.1,12:08.7,63,Fall,2020,,,,163,5,147,,,2,1,Male,4 - 5 years
533,05:18.1,12:08.7,64,Spring,2020,,,,162,5,147,,,2,1,Male,4 - 5 years
534,05:18.1,12:08.7,65,Fall,2020,,,,162,5,147,,,2,1,Male,4 - 5 years
535,05:18.1,12:08.7,66,Spring,2020,,,,162,5,148,,,2,1,Male,4 - 5 years
536,05:18.1,12:08.7,67,Fall,2020,,,,162,5,148,,,3,1,Male,4 - 5 years
537,05:18.1,12:08.7,68,Spring,2020,,,,162,5,148,,,3,1,Male,4 - 5 years
538,05:18.1,12:08.7,68,Fall,2020,,,,162,5,148,,,3,1,Male,4 - 5 years
539,05:18.1,12:08.7,69,Spring,2020,,,,161,5,148,,,3,1,Male,4 - 5 years
540,05:18.1,54:43.0,70,Fall,2020,,,,161,5,148,,,4,1,Male,4 - 5 years
541,05:18.1,54:43.0,71,Fall,2020,,,,161,5,148,,,4,1,Male,4 - 5 years
542,05:18.1,12:08.7,72,Spring,2020,,,,161,5,148,,,4,1,Male,4 - 5 years
543,05:18.1,12:08.7,73,Fall,2020,,,,161,5,148,,,4,1,Male,4 - 5 years
544,05:18.1,12:08.7,74,Spring,2020,,,,161,5,148,,,5,1,Male,4 - 5 years
545,05:18.1,12:08.7,75,Fall,2020,,,,160,5,148,,,5,2,Male,4 - 5 years
546,05:18.1,12:08.7,76,Spring,2020,,,,160,5,148,,,5,2,Male,4 - 5 years
547,05:18.1,12:08.7,77,Fall,2020,,,,160,5,148,,,5,2,Male,4 - 5 years
548,05:18.1,12:08.7,78,Spring,2020,,,,160,5,148,,,1,2,Male,4 - 5 years
549,05:18.1,12:08.7,79,Fall,2020,,,,160,5,148,,,1,2,Male,4 - 5 years
550,05:18.1,12:08.7,80,Spring,2020,,,,160,5,148,,,1,2,Male,4 - 5 years
551,05:18.1,12:08.7,81,Fall,2020,,,,159,5,148,,,1,2,Male,4 - 5 years
552,05:18.1,12:08.7,82,Spring,2020,,,,159,5,148,,,1,3,Male,4 - 5 years
553,05:18.1,54:43.0,83,Fall,2020,,,,159,5,149,,,1,3,Male,4 - 5 years
554,05:18.1,54:43.0,84,Fall,2020,,,,159,5,149,,,1,3,Male,4 - 5 years
555,05:18.1,12:08.7,85,Spring,2020,,,,159,5,149,,,1,3,Male,4 - 5 years
556,05:18.1,12:08.7,85,Fall,2020,,,,159,5,149,,,1,3,Male,4 - 5 years
557,05:18.1,12:08.7,86,Spring,2020,,,,158,5,149,,,2,3,Male,4 - 5 years
558,05:18.1,12:08.7,87,Fall,2020,,,,158,5,149,,,2,4,Male,4 - 5 years
559,05:18.1,12:08.7,88,Spring,2020,,,,158,5,149,,,2,4,Male,4 - 5 years
560,05:18.1,12:08.7,89,Fall,2020,,,,158,5,149,,,2,4,Male,4 - 5 years
561,05:18.1,12:08.7,90,Spring,2020,,,,158,5,149,,,3,4,Male,4 - 5 years
562,05:18.1,12:08.7,91,Fall,2020,,,,158,5,149,,,3,4,Male,4 - 5 years
563,05:18.1,12:08.7,92,Spring,2020,,,,157,5,149,,,3,4,Male,4 - 5 years
564,05:18.1,12:08.7,93,Fall,2020,,,,157,5,149,,,3,4,Male,4 - 5 years
565,05:18.1,12:08.7,94,Spring,2020,,,,157,5,149,,,4,5,Male,4 - 5 years
566,05:18.1,54:43.0,95,Fall,2020,,,,157,5,149,,,4,5,Male,4 - 5 years
567,05:18.1,54:43.0,96,Fall,2020,,,,157,5,149,,,4,5,Male,4 - 5 years
568,05:18.1,12:08.7,97,Spring,2020,,,,157,5,149,,,4,5,Male,4 - 5 years
569,05:18.1,12:08.7,98,Fall,2020,,,,156,5,149,,,5,5,Male,4 - 5 years
570,05:18.1,12:08.7,99,Spring,2020,,,,156,5,149,,,5,5,Male,4 - 5 years
571,05:18.1,12:08.7,100,Fall,2020,,,,156,5,150,,,5,1,Male,4 - 5 years
572,05:18.1,12:08.7,101,Spring,2020,,,,156,5,150,,,5,1,Male,4 - 5 years
573,05:18.1,12:08.7,102,Fall,2020,,,,156,5,150,,,5,1,Male,4 - 5 years
574,05:18.1,12:08.7,102,Spring,2020,,,,156,5,150,,,1,1,Male,4 - 5 years
575,05:18.1,12:08.7,103,Fall,2020,,,,155,5,150,,,1,1,Male,4 - 5 years
576,05:18.1,12:08.7,104,Spring,2020,,,,155,5,150,,,1,1,Male,4 - 5 years
577,05:18.1,12:08.7,105,Fall,2020,,,,155,5,150,,,1,1,Male,4 - 5 years
578,05:18.1,12:08.7,106,Spring,2020,,,,155,5,150,,,1,1,Male,4 - 5 years
579,05:18.1,54:43.0,107,Fall,2020,,,,155,5,150,,,1,1,Male,4 - 5 years
580,05:18.1,54:43.0,108,Fall,2020,,,,155,5,150,,,1,1,Male,4 - 5 years
581,05:18.1,12:08.7,109,Spring,2020,,,,154,5,150,,,1,1,Male,4 - 5 years
582,05:18.1,12:08.7,110,Fall,2020,,,,154,5,150,,,2,1,Male,4 - 5 years
583,05:18.1,12:08.7,111,Spring,2020,,,,154,5,150,,,2,1,Male,4 - 5 years
584,05:18.1,12:08.7,112,Fall,2020,,,,154,5,150,,,2,2,Male,4 - 5 years
585,05:18.1,12:08.7,113,Spring,2020,,,,154,5,150,,,2,2,Male,4 - 5 years
586,05:18.1,12:08.7,114,Fall,2020,,,,154,5,150,,,3,2,Male,4 - 5 years
587,05:18.1,12:08.7,115,Spring,2020,,,,153,5,150,,,3,2,Male,4 - 5 years
588,05:18.1,12:08.7,116,Fall,2020,,,,153,5,150,,,3,2,Male,4 - 5 years
589,05:18.1,12:08.7,117,Spring,2020,,,,153,5,151,,,3,2,Male,4 - 5 years
590,05:18.1,12:08.7,118,Fall,2020,,,,153,5,151,,,3,2,Male,4 - 5 years
591,05:18.1,12:08.7,119,Spring,2020,,,,153,5,151,,,4,3,Male,4 - 5 years
592,05:18.1,54:43.0,119,Fall,2020,,,,153,5,151,,,4,3,Male,4 - 5 years
593,05:18.1,54:43.0,60,Fall,2020,,,,152,5,151,,,4,3,Male,4 - 5 years
594,05:18.1,12:08.7,61,Spring,2020,,,,152,5,151,,,4,3,Male,4 - 5 years
595,05:18.1,12:08.7,62,Fall,2020,,,,152,5,151,,,5,3,Male,4 - 5 years
596,05:18.1,12:08.7,63,Spring,2020,,,,152,5,151,,,5,3,Male,4 - 5 years
597,05:18.1,12:08.7,64,Fall,2020,,,,152,5,151,,,5,4,Male,4 - 5 years
598,05:18.1,12:08.7,65,Spring,2020,,,,152,5,151,,,5,4,Male,4 - 5 years
599,05:18.1,12:08.7,66,Fall,2020,,,,151,5,151,,,1,4,Male,4 - 5 years
600,05:18.1,12:08.7,67,Spring,2020,,,,151,5,151,,,1,4,Male,4 - 5 years
601,05:18.1,12:08.7,68,Fall,2020,,,,151,5,151,,,1,4,Male,4 - 5 years
602,05:18.1,54:43.0,69,Fall,2020,,,,151,5,151,,,1,4,Male,4 - 5 years
603,05:18.1,12:08.7,70,Spring,2020,,,,151,5,151,,,1,4,Male,4 - 5 years
604,05:18.1,12:08.7,71,Fall,2020,,,,151,5,151,,,1,5,Male,4 - 5 years
605,05:18.1,12:08.7,72,Spring,2020,,,,150,5,151,,,1,5,Male,4 - 5 years
606,05:18.1,12:08.7,73,Fall,2020,,,,150,5,151,,,1,5,Male,4 - 5 years
607,05:18.1,12:08.7,74,Spring,2020,,,,150,5,152,,,2,5,Male,4 - 5 years
608,05:18.1,12:08.7,75,Fall,2020,,,,150,5,152,,,2,5,Male,4 - 5 years
609,05:18.1,12:08.7,76,Spring,2020,,,,150,5,152,,,2,5,Male,4 - 5 years
610,05:18.1,12:08.7,76,Fall,2020,,,,150,5,152,,,2,1,Male,4 - 5 years
611,05:18.1,12:08.7,77,Spring,2020,,,,149,5,152,,,2,1,Male,4 - 5 years
612,05:18.1,12:08.7,78,Fall,2020,,,,149,5,152,,,3,1,Male,4 - 5 years
613,05:18.1,12:08.7,79,Spring,2020,,,,149,5,152,,,3,1,Male,4 - 5 years
614,05:18.1,54:43.0,80,Fall,2020,,,,149,5,152,,,3,1,Male,4 - 5 years
615,05:18.1,54:43.0,81,Fall,2020,,,,149,5,152,,,3,1,Male,4 - 5 years
616,05:18.1,12:08.7,82,Spring,2020,,,,149,5,152,,,4,1,Male,4 - 5 years
617,05:18.1,12:08.7,83,Fall,2020,,,,148,5,152,,,4,1,Male,4 - 5 years
618,05:18.1,12:08.7,84,Spring,2020,,,,148,5,152,,,4,1,Male,4 - 5 years
619,05:18.1,12:08.7,85,Fall,2020,,,,148,5,152,,,4,1,Male,4 - 5 years
620,05:18.1,12:08.7,86,Spring,2020,,,,148,5,152,,,5,1,Male,4 - 5 years
621,05:18.1,12:08.7,87,Fall,2020,,,,148,5,152,,,5,1,Male,4 - 5 years
622,05:18.1,12:08.7,88,Spring,2020,,,,148,5,152,,,5,1,Male,4 - 5 years
623,05:18.1,12:08.7,89,Fall,2020,,,,147,5,152,,,5,2,Male,4 - 5 years
624,05:18.1,12:08.7,90,Spring,2020,,,,147,5,152,,,1,2,Male,4 - 5 years
625,05:18.1,12:08.7,91,Fall,2020,,,,147,5,153,,,1,2,Male,4 - 5 years
626,05:18.1,12:08.7,92,Spring,2020,,,,147,5,153,,,1,2,Male,4 - 5 years
627,05:18.1,54:43.0,93,Fall,2020,,,,147,5,153,,,1,2,Male,4 - 5 years
628,05:18.1,54:43.0,93,Fall,2020,,,,147,5,153,,,1,2,Male,4 - 5 years
629,05:18.1,12:08.7,94,Spring,2020,,,,146,5,153,,,1,2,Male,4 - 5 years
630,05:18.1,12:08.7,95,Fall,2020,,,,146,5,153,,,1,3,Male,4 - 5 years
631,05:18.1,12:08.7,96,Spring,2020,,,,146,5,153,,,1,3,Male,4 - 5 years
632,05:18.1,12:08.7,97,Fall,2020,,,,146,5,153,,,1,3,Male,4 - 5 years
633,05:18.1,12:08.7,98,Spring,2020,,,,146,5,153,,,2,3,Male,4 - 5 years
634,05:18.1,12:08.7,99,Fall,2020,,,,146,5,153,,,2,3,Male,4 - 5 years
635,05:18.1,12:08.7,100,Spring,2020,,,,145,5,153,,,2,3,Male,4 - 5 years
636,05:18.1,12:08.7,101,Fall,2020,,,,145,5,153,,,2,4,Male,4 - 5 years
637,05:18.1,12:08.7,102,Spring,2020,,,,145,5,153,,,3,4,Male,4 - 5 years
638,05:18.1,12:08.7,103,Fall,2020,,,,145,5,153,,,3,4,Male,4 - 5 years
639,05:18.1,12:08.7,104,Spring,2020,,,,145,5,153,,,3,4,Male,4 - 5 years
640,05:18.1,54:43.0,105,Fall,2020,,,,145,5,153,,,3,4,Male,4 - 5 years
641,05:18.1,54:43.0,106,Fall,2020,,,,144,5,153,,,4,4,Male,4 - 5 years
642,05:18.1,12:08.7,107,Spring,2020,,,,144,5,153,,,4,4,Male,4 - 5 years
643,05:18.1,12:08.7,108,Fall,2020,,,,144,5,154,,,4,5,Male,4 - 5 years
644,05:18.1,12:08.7,109,Spring,2020,,,,144,5,154,,,4,5,Male,4 - 5 years
645,05:18.1,12:08.7,110,Fall,2020,,,,144,5,154,,,5,5,Male,4 - 5 years
646,05:18.1,12:08.7,110,Spring,2020,,,,144,5,154,,,5,5,Male,4 - 5 years
647,05:18.1,12:08.7,111,Fall,2020,,,,143,5,154,,,5,5,Male,4 - 5 years
648,05:18.1,12:08.7,112,Spring,2020,,,,143,5,154,,,5,5,Male,4 - 5 years
649,05:18.1,12:08.7,113,Fall,2020,,,,143,5,154,,,1,1,Male,4 - 5 years
650,05:18.1,12:08.7,114,Spring,2020,,,,143,5,154,,,1,1,Male,4 - 5 years
651,05:18.1,12:08.7,115,Fall,2020,,,,143,5,154,,,1,1,Male,4 - 5 years
652,05:18.1,12:08.7,116,Spring,2020,,,,142,5,154,,,1,1,Male,4 - 5 years
653,05:18.1,54:43.0,117,Fall,2020,,,,142,5,154,,,1,1,Male,4 - 5 years
654,05:18.1,54:43.0,118,Fall,2020,,,,142,5,154,,,1,1,Male,4 - 5 years
655,05:18.1,12:08.7,119,Spring,2020,,,,142,5,154,,,1,1,Male,4 - 5 years
656,05:18.1,12:08.7,60,Fall,2020,,,,142,5,154,,,1,1,Male,4 - 5 years
657,05:18.1,12:08.7,61,Spring,2020,,,,142,5,154,,,1,1,Male,4 - 5 years
658,05:18.1,12:08.7,62,Fall,2020,,,,141,5,154,,,2,1,Male,4 - 5 years
659,05:18.1,12:08.7,63,Spring,2020,,,,141,5,154,,,2,1,Male,4 - 5 years
660,05:18.1,12:08.7,64,Fall,2020,,,,141,5,155,,,2,1,Male,4 - 5 years
661,05:18.1,12:08.7,65,Spring,2019,,,,141,5,155,,,2,1,Male,4 - 5 years
662,05:18.1,12:08.7,66,Fall,2019,,,,141,5,155,,,3,2,Male,4 - 5 years
663,05:18.1,12:08.7,66,Spring,2019,,,,141,5,155,,,3,2,Male,4 - 5 years
664,05:18.1,12:08.7,67,Fall,2019,,,,140,5,155,,,3,2,Male,4 - 5 years
665,05:18.1,12:08.7,68,Spring,2019,,,,140,5,155,,,3,2,Male,4 - 5 years
666,05:18.1,54:43.0,69,Fall,2019,,,,140,5,155,,,4,2,Male,4 - 5 years
667,05:18.1,54:43.0,70,Fall,2019,,,,140,5,155,,,4,2,Male,4 - 5 years
668,05:18.1,12:08.7,71,Spring,2019,,,,140,5,155,,,4,2,Male,4 - 5 years
669,05:18.1,12:08.7,72,Fall,2019,,,,140,5,155,,,4,3,Male,4 - 5 years
670,05:18.1,12:08.7,73,Spring,2019,,,,139,5,155,,,5,3,Male,4 - 5 years
671,05:18.1,12:08.7,74,Fall,2019,,,,139,5,155,,,5,3,Male,4 - 5 years
672,05:18.1,12:08.7,75,Spring,2019,,,,139,5,155,,,5,3,Male,4 - 5 years
673,05:18.1,12:08.7,76,Fall,2019,,,,139,5,155,,,5,3,Male,4 - 5 years
674,05:18.1,12:08.7,77,Spring,2019,,,,139,5,155,,,5,3,Male,4 - 5 years
675,05:18.1,12:08.7,78,Fall,2019,,,,139,5,155,,,1,4,Male,4 - 5 years
676,05:18.1,12:08.7,79,Spring,2019,,,,138,5,155,,,1,4,Male,4 - 5 years
677,05:18.1,12:08.7,80,Fall,2019,,,,138,5,155,,,1,4,Male,4 - 5 years
678,05:18.1,12:08.7,81,Spring,2019,,,,138,5,156,,,1,4,Male,4 - 5 years
679,05:18.1,54:43.0,82,Fall,2019,,,,138,5,156,,,1,4,Male,4 - 5 years
680,05:18.1,54:43.0,83,Fall,2019,,,,138,5,156,,,1,4,Male,4 - 5 years
681,05:18.1,12:08.7,83,Spring,2019,,,,138,5,156,,,1,4,Male,4 - 5 years
682,05:18.1,12:08.7,84,Fall,2019,,,,137,5,156,,,1,5,Male,4 - 5 years
683,05:18.1,12:08.7,85,Spring,2019,,,,137,5,156,,,2,5,Male,4 - 5 years
684,05:18.1,12:08.7,86,Fall,2019,,,,137,5,156,,,2,5,Male,4 - 5 years
685,05:18.1,12:08.7,87,Spring,2019,,,,137,5,156,,,2,5,Male,4 - 5 years
686,05:18.1,12:08.7,88,Fall,2019,,,,137,5,156,,,2,5,Male,4 - 5 years
687,05:18.1,12:08.7,89,Spring,2019,,,,137,5,156,,,3,5,Male,4 - 5 years
688,05:18.1,12:08.7,90,Fall,2019,,,,136,5,156,,,3,1,Male,4 - 5 years
689,05:18.1,12:08.7,91,Spring,2019,,,,136,5,156,,,3,1,Male,4 - 5 years
690,05:18.1,12:08.7,92,Fall,2019,,,,136,5,156,,,3,1,Male,4 - 5 years
691,05:18.1,12:08.7,93,Spring,2019,,,,136,5,156,,,4,1,Male,4 - 5 years
692,05:18.1,54:43.0,94,Fall,2019,,,,136,5,156,,,4,1,Male,4 - 5 years
693,05:18.1,54:43.0,95,Fall,2019,,,,136,5,156,,,4,1,Male,4 - 5 years
694,05:18.1,12:08.7,96,Spring,2019,,,,135,5,156,,,4,1,Male,4 - 5 years
695,05:18.1,12:08.7,97,Fall,2019,,,,135,5,156,,,4,1,Male,4 - 5 years
696,05:18.1,12:08.7,98,Spring,2019,,,,135,5,157,,,5,1,Male,4 - 5 years
697,05:18.1,12:08.7,99,Fall,2019,,,,135,5,157,,,5,1,Male,4 - 5 years
698,05:18.1,12:08.7,100,Spring,2019,,,,135,5,157,,,5,1,Male,4 - 5 years
699,05:18.1,12:08.7,100,Fall,2019,,,,135,5,157,,,5,1,Male,4 - 5 years
700,05:18.1,12:08.7,101,Spring,2019,,,,134,5,157,,,1,1,Male,4 - 5 years
701,05:18.1,12:08.7,102,Fall,2019,,,,134,5,157,,,1,2,Male,4 - 5 years
702,05:18.1,54:43.0,103,Fall,2019,,,,134,5,157,,,1,2,Male,4 - 5 years
703,05:18.1,12:08.7,104,Spring,2019,,,,134,5,157,,,1,2,Male,4 - 5 years
704,05:18.1,12:08.7,105,Fall,2019,,,,134,5,157,,,1,2,Male,4 - 5 years
705,05:18.1,12:08.7,106,Spring,2019,,,,134,5,157,,,1,2,Male,4 - 5 years
706,05:18.1,12:08.7,107,Fall,2019,,,,133,5,157,,,1,2,Male,4 - 5 years
707,05:18.1,12:08.7,108,Spring,2019,,,,133,5,157,,,1,2,Male,4 - 5 years
708,05:18.1,12:08.7,109,Fall,2019,,,,133,5,157,,,2,3,Male,4 - 5 years
709,05:18.1,12:08.7,110,Spring,2019,,,,133,5,157,,,2,3,Male,4 - 5 years
710,05:18.1,12:08.7,111,Fall,2019,,,,133,5,157,,,2,3,Male,4 - 5 years
711,05:18.1,12:08.7,112,Spring,2019,,,,133,5,157,,,2,3,Male,4 - 5 years
712,05:18.1,12:08.7,113,Fall,2019,,,,132,5,157,,,3,3,Male,4 - 5 years
713,05:18.1,12:08.7,114,Spring,2019,,,,132,5,157,,,3,3,Male,4 - 5 years
714,05:18.1,54:43.0,115,Fall,2019,,,,132,5,158,,,3,4,Male,4 - 5 years
715,05:18.1,54:43.0,116,Fall,2019,,,,132,5,158,,,3,4,Male,4 - 5 years
716,05:18.1,12:08.7,117,Spring,2019,,,,132,5,158,,,3,4,Male,4 - 5 years
717,05:18.1,12:08.7,117,Fall,2019,,,,132,5,158,,,4,4,Male,4 - 5 years
718,05:18.1,12:08.7,118,Spring,2019,,,,131,5,158,,,4,4,Male,4 - 5 years
719,05:18.1,12:08.7,119,Fall,2019,,,,131,5,158,,,4,4,Male,4 - 5 years
720,05:18.1,12:08.7,60,Spring,2019,,,,131,5,158,,,4,4,Male,4 - 5 years
721,05:18.1,12:08.7,61,Fall,2019,,,,131,5,158,,,5,5,Male,4 - 5 years
722,05:18.1,12:08.7,62,Spring,2019,,,,131,5,158,,,5,5,Male,4 - 5 years
723,05:18.1,12:08.7,63,Fall,2019,,,,131,5,158,,,5,5,Male,4 - 5 years
724,05:18.1,12:08.7,64,Spring,2019,,,,130,5,158,,,5,5,Male,4 - 5 years
725,05:18.1,12:08.7,65,Fall,2019,,,,130,5,158,,,1,5,Male,4 - 5 years
726,05:18.1,12:08.7,66,Spring,2019,,,,130,5,158,,,1,5,Male,4 - 5 years
727,05:18.1,54:43.0,67,Fall,2019,,,,130,5,158,,,1,1,Male,4 - 5 years
728,05:18.1,54:43.0,68,Fall,2019,,,,130,5,158,,,1,1,Male,4 - 5 years
729,05:18.1,12:08.7,69,Spring,2019,,,,130,5,158,,,1,1,Male,4 - 5 years
730,05:18.1,12:08.7,70,Fall,2019,,,,169,5,158,,,1,1,Male,4 - 5 years
731,05:18.1,12:08.7,71,Spring,2019,,,,169,5,158,,,1,1,Male,4 - 5 years
732,05:18.1,12:08.7,72,Fall,2019,,,,169,5,159,,,1,1,Male,4 - 5 years
733,05:18.1,12:08.7,73,Spring,2019,,,,169,5,159,,,1,1,Male,4 - 5 years
734,05:18.1,12:08.7,74,Fall,2019,,,,169,5,159,,,2,1,Male,4 - 5 years
735,05:18.1,12:08.7,74,Spring,2019,,,,169,5,159,,,2,1,Male,4 - 5 years
736,05:18.1,12:08.7,75,Fall,2019,,,,168,5,159,,,2,1,Male,4 - 5 years
737,05:18.1,12:08.7,76,Spring,2019,,,,168,5,159,,,2,1,Male,4 - 5 years
738,05:18.1,12:08.7,77,Fall,2019,,,,168,5,159,,,3,1,Male,4 - 5 years
739,05:18.1,12:08.7,78,Spring,2019,,,,168,5,159,,,3,1,Male,4 - 5 years
740,05:18.1,54:43.0,79,Fall,2019,,,,168,5,159,,,3,2,Male,4 - 5 years
741,05:18.1,54:43.0,80,Fall,2019,,,,168,5,159,,,3,2,Male,4 - 5 years
742,05:18.1,12:08.7,81,Spring,2019,,,,167,5,159,,,4,2,Male,4 - 5 years
743,05:18.1,12:08.7,82,Fall,2019,,,,167,5,159,,,4,2,Male,4 - 5 years
744,05:18.1,12:08.7,83,Spring,2019,,,,167,5,159,,,4,2,Male,4 - 5 years
745,05:18.1,12:08.7,84,Fall,2019,,,,167,5,159,,,4,2,Male,4 - 5 years
746,05:18.1,12:08.7,85,Spring,2019,,,,167,5,159,,,5,2,Male,4 - 5 years
747,05:18.1,12:08.7,86,Fall,2019,,,,167,5,159,,,5,3,Male,4 - 5 years
748,05:18.1,12:08.7,87,Spring,2019,,,,166,5,159,,,5,3,Male,4 - 5 years
749,05:18.1,12:08.7,88,Fall,2019,,,,166,5,159,,,5,3,Male,4 - 5 years
750,05:18.1,12:08.7,89,Spring,2019,,,,166,5,160,,,1,3,Male,4 - 5 years
751,05:18.1,12:08.7,90,Fall,2019,,,,166,5,160,,,1,3,Male,4 - 5 years
752,05:18.1,12:08.7,91,Spring,2019,,,,166,5,160,,,1,3,Male,4 - 5 years
753,05:18.1,54:43.0,91,Fall,2019,,,,166,5,160,,,1,4,Male,4 - 5 years
754,05:18.1,54:43.0,92,Fall,2019,,,,165,5,160,,,1,4,Male,4 - 5 years
755,05:18.1,12:08.7,93,Spring,2019,,,,165,5,160,,,1,4,Male,4 - 5 years
756,05:18.1,12:08.7,94,Fall,2019,,,,165,5,160,,,1,4,Male,4 - 5 years
757,05:18.1,12:08.7,95,Spring,2019,,,,165,5,160,,,1,4,Male,4 - 5 years
758,05:18.1,12:08.7,96,Fall,2019,,,,165,5,160,,,1,4,Male,4 - 5 years
759,05:18.1,12:08.7,97,Spring,2019,,,,165,5,160,,,2,4,Male,4 - 5 years
760,05:18.1,12:08.7,98,Fall,2019,,,,164,5,160,,,2,5,Male,4 - 5 years
761,05:18.1,12:08.7,99,Spring,2019,,,,164,5,160,,,2,5,Male,4 - 5 years
762,05:18.1,12:08.7,100,Fall,2019,,,,164,5,160,,,2,5,Male,4 - 5 years
763,05:18.1,12:08.7,101,Spring,2019,,,,164,5,160,,,3,5,Male,4 - 5 years
764,05:18.1,12:08.7,102,Fall,2019,,,,164,5,160,,,3,5,Male,4 - 5 years
765,05:18.1,12:08.7,103,Spring,2019,,,,164,5,160,,,3,5,Male,4 - 5 years
766,05:18.1,54:43.0,104,Fall,2019,,,,163,5,160,,,3,1,Male,4 - 5 years
767,05:18.1,54:43.0,105,Fall,2019,,,,163,5,160,,,4,1,Male,4 - 5 years
768,05:18.1,12:08.7,106,Spring,2019,,,,163,5,161,,,4,1,Male,4 - 5 years
769,05:18.1,12:08.7,107,Fall,2019,,,,163,5,161,,,4,1,Male,4 - 5 years
770,05:18.1,12:08.7,108,Spring,2019,,,,163,5,161,,,4,1,Male,4 - 5 years
771,05:18.1,12:08.7,108,Fall,2019,,,,163,5,161,,,5,1,Male,4 - 5 years
772,05:18.1,12:08.7,109,Spring,2019,,,,162,5,161,,,5,1,Male,4 - 5 years
773,05:18.1,12:08.7,110,Fall,2019,,,,162,5,161,,,5,1,Male,4 - 5 years
774,05:18.1,12:08.7,111,Spring,2019,,,,162,5,161,,,5,1,Male,4 - 5 years
775,05:18.1,12:08.7,112,Fall,2019,,,,162,5,161,,,5,1,Male,4 - 5 years
776,05:18.1,12:08.7,113,Spring,2019,,,,162,5,161,,,1,1,Male,4 - 5 years
777,05:18.1,12:08.7,114,Fall,2019,,,,162,5,161,,,1,1,Male,4 - 5 years
778,05:18.1,12:08.7,115,Spring,2019,,,,161,5,161,,,1,1,Male,4 - 5 years
779,05:18.1,54:43.0,116,Fall,2019,,,,161,5,161,,,1,2,Male,4 - 5 years
780,05:18.1,54:43.0,117,Fall,2019,,,,161,5,161,,,1,2,Male,4 - 5 years
781,05:18.1,12:08.7,118,Spring,2019,,,,161,5,161,,,1,2,Male,4 - 5 years
782,05:18.1,12:08.7,119,Fall,2019,,,,161,5,161,,,1,2,Male,4 - 5 years
783,05:18.1,12:08.7,60,Spring,2019,,,,161,5,161,,,1,2,Male,4 - 5 years
784,05:18.1,12:08.7,61,Fall,2019,,,,160,5,161,,,2,2,Male,4 - 5 years
785,05:18.1,12:08.7,62,Spring,2019,,,,160,5,161,,,2,2,Male,4 - 5 years
786,05:18.1,12:08.7,63,Fall,2019,,,,160,5,162,,,2,3,Male,4 - 5 years
787,05:18.1,12:08.7,64,Spring,2019,,,,160,5,162,,,2,3,Male,4 - 5 years
788,05:18.1,12:08.7,65,Fall,2019,,,,160,5,162,,,3,3,Male,4 - 5 years
789,05:18.1,12:08.7,65,Spring,2019,,,,160,5,162,,,3,3,Male,4 - 5 years
790,05:18.1,12:08.7,66,Fall,2019,,,,159,5,162,,,3,3,Male,4 - 5 years
791,05:18.1,12:08.7,67,Spring,2019,,,,159,5,162,,,3,3,Male,4 - 5 years
792,05:18.1,54:43.0,68,Fall,2019,,,,159,5,162,,,4,4,Male,4 - 5 years
793,05:18.1,54:43.0,69,Fall,2019,,,,159,5,162,,,4,4,Male,4 - 5 years
794,05:18.1,12:08.7,70,Spring,2019,,,,159,5,162,,,4,4,Male,4 - 5 years
795,05:18.1,12:08.7,71,Fall,2019,,,,158,5,162,,,4,4,Male,4 - 5 years
796,05:18.1,12:08.7,72,Spring,2019,,,,158,5,162,,,4,4,Male,4 - 5 years
797,05:18.1,12:08.7,73,Fall,2019,,,,158,5,162,,,5,4,Male,4 - 5 years
798,05:18.1,12:08.7,74,Spring,2019,,,,158,5,162,,,5,4,Male,4 - 5 years
799,05:18.1,12:08.7,75,Fall,2019,,,,158,5,162,,,5,5,Male,4 - 5 years
800,05:18.1,12:08.7,76,Spring,2019,,,,158,5,162,,,5,5,Male,4 - 5 years
801,05:18.1,12:08.7,77,Fall,2019,,,,157,5,162,,,1,5,Male,4 - 5 years
802,05:18.1,54:43.0,78,Fall,2019,,,,157,5,162,,,1,5,Male,4 - 5 years
803,05:18.1,12:08.7,79,Spring,2019,,,,157,5,163,,,1,5,Male,4 - 5 years
804,05:18.1,12:08.7,80,Fall,2019,,,,157,5,163,,,1,5,Male,4 - 5 years
805,05:18.1,12:08.7,81,Spring,2019,,,,157,5,163,,,1,1,Male,4 - 5 years
806,05:18.1,12:08.7,81,Fall,2019,,,,157,5,163,,,1,1,Male,4 - 5 years
807,05:18.1,12:08.7,82,Spring,2019,,,,156,5,163,,,1,1,Male,4 - 5 years
808,05:18.1,12:08.7,83,Fall,2019,,,,156,5,163,,,1,1,Male,4 - 5 years
809,05:18.1,12:08.7,84,Spring,2019,,,,156,5,163,,,2,1,Male,4 - 5 years
810,05:18.1,12:08.7,85,Fall,2019,,,,156,5,163,,,2,1,Male,4 - 5 years
811,05:18.1,12:08.7,86,Spring,2019,,,,156,5,163,,,2,1,Male,4 - 5 years
812,05:18.1,12:08.7,87,Fall,2019,,,,156,5,163,,,2,1,Male,4 - 5 years
813,05:18.1,12:08.7,88,Spring,2019,,,,155,5,163,,,3,1,Male,4 - 5 years
814,05:18.1,54:43.0,89,Fall,2019,,,,155,5,163,,,3,1,Male,4 - 5 years
815,05:18.1,54:43.0,90,Fall,2019,,,,155,5,163,,,3,1,Male,4 - 5 years
816,05:18.1,12:08.7,91,Spring,2019,,,,155,5,163,,,3,1,Male,4 - 5 years
817,05:18.1,12:08.7,92,Fall,2019,,,,155,5,163,,,3,1,Male,4 - 5 years
818,05:18.1,12:08.7,93,Spring,2019,,,,155,5,163,,,4,2,Male,4 - 5 years
819,05:18.1,12:08.7,94,Fall,2019,,,,154,5,163,,,4,2,Male,4 - 5 years
820,05:18.1,12:08.7,95,Spring,2019,,,,154,5,163,,,4,2,Male,4 - 5 years
821,05:18.1,12:08.7,96,Fall,2019,,,,154,5,164,,,4,2,Male,4 - 5 years
822,05:18.1,12:08.7,97,Spring,2019,,,,154,5,164,,,5,2,Male,4 - 5 years
823,05:18.1,12:08.7,98,Fall,2019,,,,154,5,164,,,5,2,Male,4 - 5 years
824,05:18.1,12:08.7,98,Spring,2019,,,,154,5,164,,,5,2,Male,4 - 5 years
825,05:18.1,12:08.7,99,Fall,2019,,,,153,5,164,,,5,3,Male,4 - 5 years
826,05:18.1,12:08.7,100,Spring,2019,,,,153,5,164,,,1,3,Male,4 - 5 years
827,05:18.1,54:43.0,101,Fall,2019,,,,153,5,164,,,1,3,Male,4 - 5 years
828,05:18.1,54:43.0,102,Fall,2019,,,,153,5,164,,,1,3,Male,4 - 5 years
829,05:18.1,12:08.7,103,Spring,2019,,,,153,5,164,,,1,3,Male,4 - 5 years
830,05:18.1,12:08.7,104,Fall,2019,,,,153,5,164,,,1,3,Male,4 - 5 years
831,05:18.1,12:08.7,105,Spring,2019,,,,152,5,164,,,1,4,Male,4 - 5 years
832,05:18.1,12:08.7,106,Fall,2019,,,,152,5,164,,,1,4,Male,4 - 5 years
833,05:18.1,12:08.7,107,Spring,2019,,,,152,5,164,,,1,4,Male,4 - 5 years
834,05:18.1,12:08.7,108,Fall,2019,,,,152,5,164,,,2,4,Male,4 - 5 years
835,05:18.1,12:08.7,109,Spring,2019,,,,152,5,164,,,2,4,Male,4 - 5 years
836,05:18.1,12:08.7,110,Fall,2019,,,,152,5,164,,,2,4,Male,4 - 5 years
837,05:18.1,12:08.7,111,Spring,2019,,,,151,5,164,,,2,4,Male,4 - 5 years
838,05:18.1,12:08.7,112,Fall,2019,,,,151,5,164,,,2,5,Male,4 - 5 years
839,05:18.1,12:08.7,113,Spring,2019,,,,151,5,165,,,3,5,Male,4 - 5 years
840,05:18.1,54:43.0,114,Fall,2019,,,,151,5,165,,,3,5,Male,4 - 5 years
841,05:18.1,54:43.0,115,Fall,2019,,,,151,5,165,,,3,5,Male,4 - 5 years
842,05:18.1,12:08.7,115,Spring,2019,,,,151,5,165,,,3,5,Male,4 - 5 years
843,05:18.1,12:08.7,116,Fall,2019,,,,150,5,165,,,4,5,Male,4 - 5 years
844,05:18.1,12:08.7,117,Spring,2019,,,,150,5,165,,,4,1,Male,4 - 5 years
845,05:18.1,12:08.7,118,Fall,2019,,,,150,5,165,,,4,1,Male,4 - 5 years
846,05:18.1,12:08.7,119,Spring,2019,,,,150,5,165,,,4,1,Male,4 - 5 years
847,05:18.1,12:08.7,60,Fall,2019,,,,150,5,165,,,5,1,Male,4 - 5 years
848,05:18.1,12:08.7,61,Spring,2019,,,,150,5,165,,,5,1,Male,4 - 5 years
849,05:18.1,12:08.7,62,Fall,2019,,,,149,5,165,,,5,1,Male,4 - 5 years
850,05:18.1,12:08.7,63,Spring,2019,,,,149,5,165,,,5,1,Male,4 - 5 years
851,05:18.1,12:08.7,64,Fall,2019,,,,149,5,165,,,1,1,Male,4 - 5 years
852,05:18.1,12:08.7,65,Spring,2019,,,,149,5,165,,,1,1,Male,4 - 5 years
853,05:18.1,54:43.0,66,Fall,2019,,,,149,5,165,,,1,1,Male,4 - 5 years
854,05:18.1,54:43.0,67,Fall,2019,,,,149,5,165,,,1,1,Male,4 - 5 years
855,05:18.1,12:08.7,68,Spring,2019,,,,148,5,165,,,1,1,Male,4 - 5 years
856,05:18.1,12:08.7,69,Fall,2019,,,,148,5,165,,,1,1,Male,4 - 5 years
857,05:18.1,12:08.7,70,Spring,2019,,,,148,5,166,,,1,2,Male,4 - 5 years
858,05:18.1,12:08.7,71,Fall,2019,,,,148,5,166,,,1,2,Male,4 - 5 years
859,05:18.1,12:08.7,72,Spring,2019,,,,148,5,166,,,1,2,Male,4 - 5 years
860,05:18.1,12:08.7,72,Fall,2019,,,,148,5,166,,,2,2,Male,4 - 5 years
861,05:18.1,12:08.7,73,Spring,2019,,,,147,5,166,,,2,2,Male,4 - 5 years
862,05:18.1,12:08.7,74,Fall,2019,,,,147,5,166,,,2,2,Male,4 - 5 years
863,05:18.1,12:08.7,75,Spring,2019,,,,147,5,166,,,2,2,Male,4 - 5 years
864,05:18.1,12:08.7,76,Fall,2019,,,,147,5,166,,,3,3,Male,4 - 5 years
865,05:18.1,12:08.7,77,Spring,2019,,,,147,5,166,,,3,3,Male,4 - 5 years
866,05:18.1,54:43.0,78,Fall,2019,,,,147,5,166,,,3,3,Male,4 - 5 years
867,05:18.1,54:43.0,79,Fall,2019,,,,146,5,166,,,3,3,Male,4 - 5 years
868,05:18.1,12:08.7,80,Spring,2019,,,,146,5,166,,,4,3,Male,4 - 5 years
869,05:18.1,12:08.7,81,Fall,2019,,,,146,5,166,,,4,3,Male,4 - 5 years
870,05:18.1,12:08.7,82,Spring,2019,,,,146,5,166,,,4,4,Male,4 - 5 years
871,05:18.1,12:08.7,83,Fall,2019,,,,146,5,166,,,4,4,Male,4 - 5 years
872,05:18.1,12:08.7,84,Spring,2019,,,,146,5,166,,,5,4,Male,4 - 5 years
873,05:18.1,12:08.7,85,Fall,2019,,,,145,5,166,,,5,4,Male,4 - 5 years
874,05:18.1,12:08.7,86,Spring,2019,,,,145,5,166,,,5,4,Male,4 - 5 years
875,05:18.1,12:08.7,87,Fall,2019,,,,145,5,167,,,5,4,Male,4 - 5 years
876,05:18.1,12:08.7,88,Spring,2019,,,,145,5,167,,,5,4,Male,4 - 5 years
877,05:18.1,12:08.7,89,Fall,2019,,,,145,5,167,,,1,5,Male,4 - 5 years
878,05:18.1,12:08.7,89,Spring,2019,,,,145,5,167,,,1,5,Male,4 - 5 years
879,05:18.1,54:43.0,90,Fall,2019,,,,144,5,167,,,1,5,Male,4 - 5 years
880,05:18.1,54:43.0,91,Fall,2019,,,,144,5,167,,,1,5,Male,4 - 5 years
881,05:18.1,12:08.7,92,Spring,2019,,,,144,5,167,,,1,5,Male,4 - 5 years
882,05:18.1,12:08.7,93,Fall,2019,,,,144,5,167,,,1,5,Male,4 - 5 years
883,05:18.1,12:08.7,94,Spring,2019,,,,144,5,167,,,1,1,Male,4 - 5 years
884,05:18.1,12:08.7,95,Fall,2019,,,,144,5,167,,,1,1,Male,4 - 5 years
885,05:18.1,12:08.7,96,Spring,2019,,,,143,5,167,,,2,1,Male,4 - 5 years
886,05:18.1,12:08.7,97,Fall,2019,,,,143,5,167,,,2,1,Male,4 - 5 years
887,05:18.1,12:08.7,98,Spring,2019,,,,143,5,167,,,2,1,Male,4 - 5 years
888,05:18.1,12:08.7,99,Fall,2019,,,,143,5,167,,,2,1,Male,4 - 5 years
889,05:18.1,12:08.7,100,Spring,2019,,,,143,5,167,,,3,1,Male,4 - 5 years
890,05:18.1,12:08.7,101,Fall,2019,,,,143,5,167,,,3,1,Male,4 - 5 years
891,05:18.1,12:08.7,102,Spring,2019,,,,142,5,167,,,3,1,Male,4 - 5 years
892,05:18.1,54:43.0,103,Fall,2019,,,,142,5,167,,,3,1,Male,4 - 5 years
893,05:18.1,54:43.0,104,Fall,2019,,,,142,5,168,,,4,1,Male,4 - 5 years
894,05:18.1,12:08.7,105,Spring,2019,,,,142,5,168,,,4,1,Male,4 - 5 years
895,05:18.1,12:08.7,106,Fall,2019,,,,142,5,168,,,4,1,Male,4 - 5 years
896,05:18.1,12:08.7,106,Spring,2019,,,,142,5,168,,,4,2,Male,4 - 5 years
897,05:18.1,12:08.7,107,Fall,2019,,,,141,5,168,,,4,2,Male,4 - 5 years
898,05:18.1,12:08.7,108,Spring,2019,,,,141,5,168,,,5,2,Male,4 - 5 years
899,05:18.1,12:08.7,109,Fall,2019,,,,141,5,168,,,5,2,Male,4 - 5 years
900,05:18.1,12:08.7,110,Spring,2019,,,,141,5,168,,,5,2,Male,4 - 5 years
901,05:18.1,12:08.7,111,Fall,2019,,,,141,5,168,,,5,2,Male,4 - 5 years
902,05:18.1,54:43.0,112,Fall,2019,,,,141,5,168,,,1,2,Male,4 - 5 years
903,05:18.1,12:08.7,113,Spring,2019,,,,140,5,168,,,1,3,Male,4 - 5 years
904,05:18.1,12:08.7,114,Fall,2019,,,,140,5,168,,,1,3,Male,4 - 5 years
905,05:18.1,12:08.7,115,Spring,2019,,,,140,5,168,,,1,3,Male,4 - 5 years
906,05:18.1,12:08.7,116,Fall,2019,,,,140,5,168,,,1,3,Male,4 - 5 years
907,05:18.1,12:08.7,117,Spring,2019,,,,140,5,168,,,1,3,Male,4 - 5 years
908,05:18.1,12:08.7,118,Fall,2019,,,,140,5,168,,,1,3,Male,4 - 5 years
909,05:18.1,12:08.7,119,Spring,2019,,,,139,5,168,,,1,4,Male,4 - 5 years
910,05:18.1,12:08.7,60,Fall,2019,,,,139,5,168,,,2,4,Male,4 - 5 years
911,05:18.1,12:08.7,61,Spring,2019,,,,139,5,169,,,2,4,Male,4 - 5 years
912,05:18.1,12:08.7,62,Fall,2019,,,,139,5,169,,,2,4,Male,4 - 5 years
913,05:18.1,12:08.7,63,Spring,2019,,,,139,5,169,,,2,4,Male,4 - 5 years
914,05:18.1,54:43.0,63,Fall,2019,,,,139,5,169,,,3,4,Male,4 - 5 years
915,05:18.1,54:43.0,64,Fall,2019,,,,138,5,169,,,3,4,Male,4 - 5 years
916,05:18.1,12:08.7,65,Spring,2019,,,,138,5,169,,,3,5,Male,4 - 5 years
917,05:18.1,12:08.7,66,Fall,2019,,,,138,5,169,,,3,5,Male,4 - 5 years
918,05:18.1,12:08.7,67,Spring,2019,,,,138,5,169,,,3,5,Male,4 - 5 years
919,05:18.1,12:08.7,68,Fall,2019,,,,138,5,169,,,4,5,Male,4 - 5 years
920,05:18.1,12:08.7,69,Spring,2019,,,,138,5,169,,,4,5,Male,4 - 5 years
921,05:18.1,12:08.7,70,Fall,2019,,,,137,5,169,,,4,5,Male,4 - 5 years
922,05:18.1,12:08.7,71,Spring,2019,,,,137,5,169,,,4,1,Male,4 - 5 years
923,05:18.1,12:08.7,72,Fall,2019,,,,137,5,169,,,5,1,Male,4 - 5 years
924,05:18.1,12:08.7,73,Spring,2019,,,,137,5,169,,,5,1,Male,4 - 5 years
925,05:18.1,12:08.7,74,Fall,2019,,,,137,5,169,,,5,1,Male,4 - 5 years
926,05:18.1,12:08.7,75,Spring,2019,,,,137,5,169,,,5,1,Male,4 - 5 years
927,05:18.1,54:43.0,76,Fall,2019,,,,136,5,169,,,1,1,Male,4 - 5 years
928,05:18.1,54:43.0,77,Fall,2019,,,,136,5,169,,,1,1,Male,4 - 5 years
929,05:18.1,12:08.7,78,Spring,2019,,,,136,5,130,,,1,1,Male,4 - 5 years
930,05:18.1,12:08.7,79,Fall,2019,,,,136,5,130,,,1,1,Male,4 - 5 years
931,05:18.1,12:08.7,80,Spring,2019,,,,136,5,130,,,1,1,Male,4 - 5 years
932,05:18.1,12:08.7,80,Fall,2019,,,,136,5,130,,,1,1,Male,4 - 5 years
933,05:18.1,12:08.7,81,Spring,2019,,,,135,5,130,,,1,1,Male,4 - 5 years
934,05:18.1,12:08.7,82,Fall,2019,,,,135,5,130,,,1,1,Male,4 - 5 years
935,05:18.1,12:08.7,83,Spring,2019,,,,135,5,130,,,2,2,Male,4 - 5 years
936,05:18.1,12:08.7,84,Fall,2019,,,,135,5,130,,,2,2,Male,4 - 5 years
937,05:18.1,12:08.7,85,Spring,2019,,,,135,5,130,,,2,2,Male,4 - 5 years
938,05:18.1,12:08.7,86,Fall,2019,,,,134,5,130,,,2,2,Male,4 - 5 years
939,05:18.1,12:08.7,87,Spring,2019,,,,134,5,130,,,2,2,Male,4 - 5 years
940,05:18.1,54:43.0,88,Fall,2019,,,,134,5,130,,,3,2,Male,4 - 5 years
941,05:18.1,54:43.0,89,Fall,2019,,,,134,5,130,,,3,2,Male,4 - 5 years
942,05:18.1,12:08.7,90,Spring,2019,,,,134,5,130,,,3,3,Male,4 - 5 years
943,05:18.1,12:08.7,91,Fall,2019,,,,134,5,130,,,3,3,Male,4 - 5 years
944,05:18.1,12:08.7,92,Spring,2019,,,,133,5,130,,,4,3,Male,4 - 5 years
945,05:18.1,12:08.7,93,Fall,2019,,,,133,5,130,,,4,3,Male,4 - 5 years
946,05:18.1,12:08.7,94,Spring,2019,,,,133,5,131,,,4,3,Male,4 - 5 years
947,05:18.1,12:08.7,95,Fall,2019,,,,133,5,131,,,4,3,Male,4 - 5 years
948,05:18.1,12:08.7,96,Spring,2019,,,,133,5,131,,,5,4,Male,4 - 5 years
949,05:18.1,12:08.7,96,Fall,2019,,,,133,5,131,,,5,4,Male,4 - 5 years
950,05:18.1,12:08.7,97,Spring,2019,,,,132,5,131,,,5,4,Male,4 - 5 years
951,05:18.1,12:08.7,98,Fall,2019,,,,132,5,131,,,5,4,Male,4 - 5 years
952,05:18.1,12:08.7,99,Spring,2019,,,,132,5,131,,,1,4,Male,4 - 5 years
953,05:18.1,54:43.0,100,Fall,2019,,,,132,5,131,,,1,4,Male,4 - 5 years
954,05:18.1,54:43.0,101,Fall,2019,,,,132,5,131,,,1,4,Male,4 - 5 years
955,05:18.1,12:08.7,102,Spring,2019,,,,132,5,131,,,1,5,Male,4 - 5 years
956,05:18.1,12:08.7,103,Fall,2019,,,,131,5,131,,,1,5,Male,4 - 5 years
957,05:18.1,12:08.7,104,Spring,2019,,,,131,5,131,,,1,5,Male,4 - 5 years
958,05:18.1,12:08.7,105,Fall,2019,,,,131,5,131,,,1,5,Male,4 - 5 years
959,05:18.1,12:08.7,106,Spring,2019,,,,131,5,131,,,1,5,Male,4 - 5 years
960,05:18.1,12:08.7,107,Fall,2019,,,,131,5,131,,,1,5,Male,4 - 5 years
961,05:18.1,12:08.7,108,Spring,2019,,,,131,5,131,,,2,1,Male,4 - 5 years
962,05:18.1,12:08.7,109,Fall,2019,,,,130,5,131,,,2,1,Male,4 - 5 years
963,05:18.1,12:08.7,110,Spring,2019,,,,130,5,131,,,2,1,Male,4 - 5 years
964,05:18.1,12:08.7,111,Fall,2019,,,,130,5,132,,,2,1,Male,4 - 5 years
965,05:18.1,12:08.7,112,Spring,2019,,,,130,5,132,,,3,1,Male,4 - 5 years
966,05:18.1,54:43.0,113,Fall,2019,,,,130,5,132,,,3,1,Male,4 - 5 years
967,05:18.1,54:43.0,113,Fall,2019,,,,130,5,132,,,3,1,Male,4 - 5 years
968,05:18.1,12:08.7,114,Spring,2019,,,,169,5,132,,,3,1,Male,4 - 5 years
969,05:18.1,12:08.7,115,Fall,2019,,,,169,5,132,,,4,1,Male,4 - 5 years
970,05:18.1,12:08.7,116,Spring,2019,,,,169,5,132,,,4,1,Male,4 - 5 years
971,05:18.1,12:08.7,117,Fall,2019,,,,169,5,132,,,4,1,Male,4 - 5 years
972,05:18.1,12:08.7,118,Spring,2019,,,,169,5,132,,,4,1,Male,4 - 5 years
973,05:18.1,12:08.7,119,Fall,2019,,,,169,5,132,,,5,1,Male,4 - 5 years
974,05:18.1,12:08.7,60,Spring,2019,,,,168,5,132,,,5,2,Male,4 - 5 years
975,05:18.1,12:08.7,61,Fall,2019,,,,168,5,132,,,5,2,Male,4 - 5 years
976,05:18.1,12:08.7,62,Spring,2019,,,,168,5,132,,,5,2,Male,4 - 5 years
977,05:18.1,12:08.7,63,Fall,2019,,,,168,5,132,,,1,2,Male,4 - 5 years
978,05:18.1,12:08.7,64,Spring,2019,,,,168,5,132,,,1,2,Male,4 - 5 years
979,05:18.1,54:43.0,65,Fall,2019,,,,168,5,132,,,1,2,Male,4 - 5 years
980,05:18.1,54:43.0,66,Fall,2019,,,,167,5,132,,,1,2,Male,4 - 5 years
981,05:18.1,12:08.7,67,Spring,2019,,,,167,5,132,,,1,3,Male,4 - 5 years
982,05:18.1,12:08.7,68,Fall,2019,,,,167,5,133,,,1,3,Male,4 - 5 years
983,05:18.1,12:08.7,69,Spring,2019,,,,167,5,133,,,1,3,Male,4 - 5 years
984,05:18.1,12:08.7,70,Fall,2019,,,,167,5,133,,,1,3,Male,4 - 5 years
985,05:18.1,12:08.7,70,Spring,2019,,,,167,5,133,,,1,3,Male,4 - 5 years
986,05:18.1,12:08.7,71,Fall,2019,,,,166,5,133,,,2,3,Male,4 - 5 years
987,05:18.1,12:08.7,72,Spring,2019,,,,166,5,133,,,2,4,Male,4 - 5 years
988,05:18.1,12:08.7,73,Fall,2019,,,,166,5,133,,,2,4,Male,4 - 5 years
989,05:18.1,12:08.7,74,Spring,2019,,,,166,5,133,,,2,4,Male,4 - 5 years
990,05:18.1,12:08.7,75,Fall,2019,,,,166,5,133,,,3,4,Male,4 - 5 years
991,05:18.1,12:08.7,76,Spring,2019,,,,166,5,133,,,3,4,Male,4 - 5 years
992,05:18.1,54:43.0,77,Fall,2019,,,,165,5,133,,,3,4,Male,4 - 5 years
993,05:18.1,54:43.0,78,Fall,2019,,,,165,5,133,,,3,4,Male,4 - 5 years
994,05:18.1,12:08.7,79,Spring,2019,,,,165,5,133,,,4,5,Male,4 - 5 years
995,05:18.1,12:08.7,80,Fall,2019,,,,165,5,133,,,4,5,Male,4 - 5 years
996,05:18.1,12:08.7,81,Spring,2019,,,,165,5,133,,,4,5,Male,4 - 5 years
997,05:18.1,12:08.7,82,Fall,2019,,,,165,5,133,,,4,5,Male,4 - 5 years
998,05:18.1,12:08.7,83,Spring,2019,,,,164,5,133,,,5,5,Male,4 - 5 years
999,05:18.1,12:08.7,84,Fall,2019,,,,164,5,133,,,5,5,Male,4 - 5 years
1000,05:18.1,12:08.7,85,Spring,2019,,,,164,5,134,,,5,1,Male,4 - 5 years